id,song,acousticness,danceability,energy,instrumentalness,loudness,tempo,valence
3254,9415,0.0412,0.8740,0.6920,0.0001,-5.2800,116.0170,0.9370
3255,9416,0.3180,0.6550,0.8770,0.0000,-3.1700,82.5420,0.8700
3256,9417,0.0365,0.7920,0.5230,0.0000,-7.8560,86.3110,0.5450
3257,9418,0.0102,0.3490,0.7950,0.0001,-4.1330,148.9850,0.5420
3258,9419,0.0036,0.7730,0.4040,0.0000,-7.4380,99.9990,0.2870
3259,9420,0.0025,0.6570,0.6860,0.0000,-5.4590,119.9980,0.3650
3260,9421,0.0390,0.6730,0.7580,0.0000,-3.6320,135.9560,0.5420
3261,9422,0.0228,0.6700,0.7870,0.0000,-4.2770,139.9060,0.7130
3262,9423,0.0627,0.7170,0.8170,0.0000,-3.4170,92.9980,0.6480
3263,9424,0.0274,0.5290,0.4450,0.0000,-8.2910,138.9500,0.0767
3264,9425,0.0342,0.5570,0.9220,0.0000,-4.3350,151.9890,0.5240
3265,9426,0.0241,0.8500,0.6920,0.0000,-6.8510,95.9630,0.6880
3266,9427,0.0012,0.6010,0.8450,0.0001,-4.7110,127.9700,0.6620
3267,9428,0.7160,0.6880,0.4730,0.0000,-9.0590,84.9580,0.2990
3268,9429,0.1970,0.5730,0.9290,0.0001,-3.9420,127.9340,0.5820
3269,9430,0.0001,0.5350,0.8190,0.4920,-10.6260,126.0140,0.0317
3270,9431,0.0175,0.5990,0.8030,0.0000,-5.9530,121.0400,0.3840
3271,9432,0.0168,0.6570,0.8850,0.0000,-4.6950,105.0110,0.8690
3272,9433,0.3220,0.6670,0.6100,0.0002,-7.0540,99.9910,0.4650
3273,9434,0.1350,0.4820,0.7060,0.0011,-5.7620,92.4940,0.1440
3274,9435,0.0817,0.5030,0.7850,0.0000,-4.7560,173.9620,0.5080
3275,9436,0.1300,0.6740,0.7850,0.0000,-6.2700,120.0170,0.4000
3276,9437,0.0155,0.4770,0.7760,0.0031,-5.0560,131.0040,0.4290
3277,9438,0.0014,0.6730,0.6290,0.0000,-7.0720,103.9980,0.5510
3278,9439,0.4560,0.5290,0.6630,0.0000,-7.1380,148.1020,0.5920
3279,9440,0.0043,0.7270,0.9380,0.0000,-2.8720,132.0770,0.7570
3280,9441,0.4100,0.6950,0.8690,0.0000,-5.0660,124.9890,0.5800
3281,9442,0.0050,0.7110,0.7000,0.0001,-4.8050,128.0010,0.8010
3282,9443,0.0178,0.6720,0.7380,0.0001,-7.0450,107.9380,0.3920
3283,9444,0.3070,0.8070,0.7020,0.0000,-6.5940,114.0380,0.4470
3284,9445,0.2510,0.6110,0.6880,0.0000,-6.3690,169.8950,0.6490
3285,9446,0.1540,0.6670,0.6380,0.0000,-5.9010,118.0070,0.5130
3286,9447,0.2020,0.3270,0.7100,0.0001,-2.9280,179.5610,0.4160
3287,9448,0.0603,0.6620,0.7100,0.0000,-4.9450,121.9790,0.4650
3288,9449,0.0062,0.6930,0.8220,0.0000,-5.4410,126.0350,0.7630
3289,9450,0.0263,0.4730,0.7890,0.0000,-5.1710,103.2250,0.3940
3290,9451,0.0525,0.5610,0.8360,0.0000,-3.9390,127.9230,0.5170
3291,9452,0.0232,0.7150,0.8740,0.0000,-4.0520,95.2130,0.6780
3292,9453,0.0227,0.6890,0.9150,0.0000,-5.3480,124.0450,0.4920
3293,9454,0.1020,0.5120,0.9010,0.0000,-3.1690,143.9840,0.5810
3294,9455,0.0316,0.7830,0.4950,0.0000,-8.7610,133.9590,0.4130
3295,9456,0.0027,0.6620,0.7360,0.0008,-6.5110,104.0030,0.6740
3296,9457,0.0539,0.5620,0.8780,0.0000,-4.8060,103.0290,0.5580
3297,9458,0.1070,0.7030,0.8670,0.0000,-4.2920,128.0080,0.5460
3298,9459,0.0227,0.6520,0.8770,0.0000,-2.9860,118.4910,0.4860
3299,9460,0.6690,0.6420,0.2890,0.0000,-9.9180,84.9960,0.4070
3300,9461,0.1180,0.3880,0.6940,0.0003,-5.7690,145.4340,0.3650
3301,9462,0.0010,0.5550,0.5290,0.6590,-11.9190,158.0840,0.4730
3302,9463,0.0616,0.6610,0.7480,0.0000,-2.8120,110.0260,0.8980
3303,9464,0.0070,0.6560,0.4460,0.0004,-5.8970,74.5430,0.2030
3304,9465,0.2550,0.5760,0.7260,0.0000,-4.6250,136.8020,0.5820
3305,9466,0.3170,0.6860,0.7560,0.0000,-5.3310,107.0300,0.4480
3596,9758,0.0087,0.5650,0.8490,0.0000,-3.5160,102.0340,0.4270
3597,9759,0.0834,0.3840,0.5170,0.0000,-10.5740,107.2620,0.2290
3598,9760,0.0077,0.7130,0.5260,0.0001,-5.0460,131.0500,0.1310
3599,9761,0.9650,0.7100,0.0565,0.0000,-15.0990,123.9940,0.3480
3600,9762,0.0408,0.6480,0.7380,0.0000,-5.8830,159.1450,0.6030
3601,9763,0.1220,0.6550,0.7870,0.0000,-3.0310,181.7990,0.5540
3602,9764,0.0709,0.5530,0.6640,0.0056,-7.4170,140.0600,0.4670
3603,9765,0.0199,0.6110,0.7000,0.0000,-5.3310,104.9810,0.2130
3604,9766,0.2990,0.6990,0.6690,0.0000,-6.6820,154.9520,0.7620
3605,9767,0.2150,0.7240,0.4560,0.0000,-10.0090,133.0510,0.0481
3606,9768,0.3030,0.3770,0.5950,0.0000,-5.9360,144.4640,0.2640
3607,9769,0.2180,0.8860,0.8180,0.0000,-3.6490,95.0500,0.4690
3608,9770,0.0035,0.7230,0.8090,0.0012,-3.0810,98.0070,0.2740
3609,9771,0.1190,0.7160,0.5040,0.8300,-14.4810,114.9900,0.5280
3610,9772,0.2340,0.8190,0.7680,0.0000,-8.5220,139.9820,0.9640
3611,9773,0.0424,0.6470,0.6460,0.0000,-5.4830,92.9810,0.7210
3612,9774,0.0799,0.7170,0.5230,0.0000,-6.5060,127.0470,0.2820
3613,9775,0.1350,0.8750,0.6730,0.0000,-4.1840,130.0000,0.2310
3614,9776,0.0043,0.7620,0.6660,0.0000,-6.0550,118.9700,0.2780
3615,9777,0.0230,0.6890,0.7910,0.0000,-5.1940,95.0400,0.7550
3616,9778,0.4090,0.7240,0.6280,0.0000,-4.2190,99.8980,0.5240
3617,9779,0.0020,0.6380,0.9240,0.0002,-3.8870,111.9950,0.5290
3618,9780,0.6860,0.4740,0.4780,0.0000,-7.2330,151.3970,0.1420
3619,9781,0.0019,0.7180,0.6790,0.0104,-5.8990,157.9700,0.2050
3620,9782,0.1680,0.6020,0.7230,0.0000,-3.0210,122.8120,0.2930
3621,9783,0.3690,0.6890,0.4810,0.0000,-7.5030,80.0250,0.2830
3622,9784,0.0598,0.6470,0.8230,0.0000,-5.2310,99.9330,0.3960
2533,8687,0.4480,0.5990,0.7850,0.0034,-4.0130,140.0460,0.5200
2534,8688,0.1060,0.9510,0.6000,0.0000,-4.6750,125.0400,0.8220
2535,8689,0.0569,0.8080,0.9700,0.0001,-6.0980,114.3280,0.8680
2536,8690,0.6330,0.6750,0.4790,0.0000,-9.8700,81.9980,0.4540
2537,8691,0.2840,0.7780,0.8240,0.0000,-5.8920,100.0240,0.7560
2538,8692,0.0058,0.7060,0.8010,0.0000,-6.3330,100.0130,0.6300
2539,8693,0.0505,0.8550,0.5870,0.0071,-4.5890,111.9700,0.6400
2540,8694,0.1890,0.7880,0.7980,0.0000,-4.6800,143.0510,0.8360
2541,8695,0.0584,0.9670,0.5830,0.0000,-5.5620,117.0000,0.9640
2542,8696,0.0701,0.7020,0.8900,0.0000,-3.7940,166.1150,0.8870
2543,8697,0.0717,0.7260,0.7000,0.0000,-5.8810,146.5580,0.6730
2544,8698,0.0419,0.8630,0.5140,0.0000,-7.2430,82.9850,0.8430
2545,8699,0.0220,0.5920,0.7290,0.0000,-4.1560,116.0300,0.7090
2546,8700,0.3520,0.8030,0.4540,0.0000,-4.8020,99.9900,0.7390
2547,8701,0.1520,0.5650,0.8170,0.0000,-4.3380,210.8490,0.4780
2548,8702,0.0246,0.8460,0.4820,0.0000,-6.7210,100.9690,0.2120
2549,8703,0.2460,0.4520,0.5740,0.0000,-8.3360,92.7910,0.5800
2550,8704,0.0986,0.8880,0.5770,0.0000,-7.7020,84.0030,0.6090
2551,8705,0.0040,0.6770,0.6710,0.0001,-4.9050,137.0460,0.5270
2552,8706,0.0737,0.5660,0.8150,0.0000,-4.4810,169.9610,0.6720
2553,8707,0.0001,0.5260,0.9200,0.0000,-3.8660,109.8600,0.6150
2554,8708,0.2160,0.7690,0.6090,0.0000,-5.8940,90.9510,0.6330
2555,8709,0.0170,0.5530,0.8650,0.0000,-4.7510,96.1610,0.7350
2556,8710,0.0065,0.8350,0.7570,0.0000,-5.0290,82.0380,0.6260
2557,8711,0.0820,0.8860,0.6200,0.0000,-5.8540,76.0350,0.6000
2558,8712,0.0088,0.5370,0.6740,0.0000,-5.1340,136.0020,0.3300
2559,8713,0.2690,0.6400,0.7430,0.0000,-4.0800,122.0350,0.3610
2560,8714,0.8390,0.5880,0.3910,0.0000,-8.5960,144.0530,0.3490
2561,8715,0.3020,0.5690,0.5460,0.0000,-6.2620,104.0070,0.2050
2562,8716,0.0217,0.4760,0.7360,0.0000,-5.3800,129.0840,0.2510
2563,8717,0.0048,0.6410,0.9690,0.0000,-5.3440,142.0410,0.4890
2564,8718,0.0038,0.8620,0.7420,0.0086,-4.7220,127.9100,0.5110
2565,8719,0.0052,0.6200,0.9610,0.0000,-3.1980,114.4480,0.4490
2566,8720,0.0192,0.6460,0.6960,0.0000,-5.5720,92.8800,0.6250
2567,8721,0.1490,0.4640,0.5980,0.0000,-6.7900,79.7320,0.6120
2568,8722,0.0160,0.6400,0.6200,0.0000,-5.9310,129.3700,0.6090
2569,8723,0.0670,0.7110,0.7610,0.0000,-3.0400,95.8240,0.7180
2570,8724,0.0009,0.5130,0.8770,0.0002,-3.7560,145.9190,0.3890
2571,8725,0.2540,0.5830,0.5840,0.0000,-5.3620,140.0390,0.1360
2572,8726,0.2830,0.5480,0.5540,0.0000,-6.4080,79.9180,0.3820
2573,8727,0.0054,0.7310,0.3680,0.0000,-10.3800,145.1710,0.5120
2574,8728,0.1110,0.8020,0.6820,0.0000,-5.9240,123.9500,0.5860
2575,8729,0.2620,0.6840,0.8190,0.0020,-3.3090,179.9990,0.2500
2576,8730,0.1190,0.5360,0.6120,0.0000,-5.8470,86.7680,0.5700
2577,8731,0.0179,0.7440,0.9030,0.0000,-4.4680,115.9900,0.9220
2578,8732,0.0351,0.8910,0.4390,0.0000,-7.9940,77.4990,0.6220
2579,8733,0.0155,0.5510,0.8100,0.0000,-4.3650,73.4640,0.3320
2580,8734,0.0003,0.4690,0.9550,0.0000,-4.2530,143.8530,0.4620
2581,8735,0.0007,0.4410,0.8150,0.0000,-4.0880,164.0210,0.5220
2582,8736,0.0422,0.7000,0.5290,0.0000,-6.8160,143.5550,0.3860
2583,8737,0.2970,0.6930,0.5160,0.0001,-6.4460,94.0200,0.4940
2584,8738,0.0241,0.8580,0.4840,0.0000,-7.4480,99.9920,0.3290
2585,8739,0.0007,0.5180,0.7970,0.0000,-5.1530,132.9150,0.2930
2586,8740,0.1360,0.4210,0.7280,0.0000,-5.6440,150.1200,0.3110
2587,8741,0.0675,0.6760,0.4840,0.0000,-10.5320,117.1030,0.9020
2588,8742,0.0080,0.8260,0.6700,0.0000,-5.5590,74.0070,0.7940
2589,8743,0.3240,0.7480,0.7930,0.0000,-7.7950,104.8380,0.9160
2590,8744,0.0230,0.9420,0.8920,0.0009,-6.3630,100.0070,0.5950
2591,8745,0.0471,0.7000,0.5180,0.0000,-7.1910,75.9730,0.5420
2592,8746,0.2060,0.7340,0.5990,0.0000,-8.4620,145.1850,0.7720
2593,8747,0.2850,0.7710,0.6760,0.0000,-6.0180,119.9970,0.8040
2594,8748,0.0543,0.9640,0.6420,0.0000,-5.8310,107.0060,0.5470
2595,8749,0.0825,0.7860,0.5110,0.0000,-6.6600,80.0000,0.5870
2596,8750,0.0002,0.9060,0.6330,0.0000,-5.3160,84.0210,0.7790
2597,8751,0.0259,0.7920,0.5890,0.0001,-6.8690,157.1470,0.7780
2598,8752,0.3170,0.9400,0.7430,0.0000,-5.1660,118.9880,0.9320
2599,8753,0.2700,0.5240,0.6350,0.0000,-7.2200,127.6180,0.6030
2600,8754,0.0058,0.4940,0.8410,0.0000,-4.7840,162.0130,0.5670
2601,8755,0.0037,0.6780,0.5720,0.0001,-7.0330,87.1650,0.4440
2602,8756,0.0686,0.7450,0.3540,0.0000,-6.5440,84.0030,0.4150
2603,8757,0.0437,0.5370,0.8850,0.0000,-3.6410,131.6980,0.8020
2604,8758,0.0185,0.4650,0.7720,0.0000,-6.2810,82.3760,0.7410
3306,9467,0.0150,0.7620,0.8630,0.0000,-3.6890,106.0080,0.9650
3307,9468,0.0143,0.5770,0.5760,0.0000,-6.2990,133.9730,0.1200
3308,9469,0.0543,0.6250,0.5760,0.0000,-5.6930,179.0630,0.2350
3309,9470,0.0653,0.4210,0.8730,0.0000,-4.3430,84.8030,0.6300
3310,9471,0.2500,0.6640,0.6610,0.0000,-6.5590,124.9170,0.2690
3311,9472,0.4220,0.4220,0.6410,0.0000,-4.9470,187.0270,0.6540
3312,9473,0.0932,0.6650,0.7990,0.0001,-5.1210,94.9930,0.3500
3313,9474,0.2780,0.7680,0.8090,0.0000,-4.2040,111.9890,0.7480
3314,9475,0.1330,0.5380,0.8290,0.0000,-6.3890,167.9170,0.5450
3315,9476,0.0188,0.5940,0.5930,0.0000,-4.9410,130.2140,0.0665
3316,9477,0.2680,0.4210,0.4760,0.0000,-7.6920,169.7840,0.3000
3317,9478,0.1800,0.5320,0.8250,0.0000,-5.2870,169.9610,0.9600
3318,9479,0.0048,0.5220,0.9060,0.0000,-4.5710,96.9940,0.6670
3319,9480,0.0016,0.7940,0.6030,0.0001,-6.1270,127.9970,0.4020
3320,9481,0.0050,0.5510,0.8360,0.0000,-3.8380,185.0630,0.7580
3321,9482,0.3850,0.5090,0.5380,0.0000,-7.3350,75.0890,0.2440
3322,9483,0.0354,0.5260,0.8010,0.0000,-3.7170,172.0240,0.7690
3323,9484,0.0388,0.9360,0.6980,0.0000,-5.2340,97.5210,0.6890
3324,9485,0.0098,0.6020,0.9230,0.0000,-3.7630,136.0100,0.7650
3325,9486,0.2860,0.6520,0.7570,0.0000,-6.8190,159.9110,0.9620
3326,9487,0.0040,0.6450,0.5890,0.0000,-6.1310,131.8990,0.3500
3327,9488,0.9220,0.4220,0.2640,0.0000,-7.0640,119.9300,0.3310
3328,9489,0.0821,0.9130,0.7160,0.0000,-4.1370,94.9870,0.3900
3329,9490,0.0603,0.6620,0.7100,0.0000,-4.9450,121.9790,0.4650
3330,9491,0.0348,0.7600,0.6520,0.0000,-7.3210,100.3150,0.7590
3331,9492,0.0423,0.7740,0.7560,0.0000,-4.9950,144.0320,0.9310
3332,9493,0.0476,0.8110,0.8790,0.0000,-3.7240,134.0640,0.9620
3333,9494,0.0192,0.6600,0.8050,0.0000,-5.3520,103.0090,0.6250
3334,9495,0.5500,0.4140,0.4190,0.0002,-6.4310,84.0820,0.1800
3335,9496,0.0295,0.5810,0.9630,0.0000,-4.0870,129.9920,0.7880
3336,9497,0.0740,0.6820,0.7140,0.0000,-6.3060,127.4430,0.5810
3337,9498,0.0561,0.6480,0.7850,0.0000,-5.4140,160.0200,0.9430
3338,9499,0.1620,0.7250,0.6800,0.0000,-5.4650,119.9390,0.7600
3339,9500,0.0000,0.7130,0.6000,0.0005,-7.0600,100.0250,0.3020
3340,9501,0.0492,0.7840,0.8500,0.0000,-3.6790,110.0040,0.5670
2605,8759,0.0367,0.6410,0.6150,0.0000,-7.4750,68.9380,0.4110
2606,8760,0.1160,0.6850,0.8590,0.0000,-2.5950,176.0180,0.8910
2607,8761,0.0071,0.6440,0.7460,0.0000,-4.9410,105.2530,0.3550
2608,8762,0.0026,0.5800,0.9530,0.0000,-3.8560,103.0410,0.6730
2609,8763,0.0023,0.4590,0.8790,0.0000,-4.0980,93.4690,0.3040
2610,8764,0.6650,0.3590,0.5180,0.0000,-3.5370,76.5720,0.1350
2611,8765,0.0133,0.7550,0.4080,0.0000,-10.3300,76.0340,0.4650
2612,8766,0.0366,0.9410,0.6310,0.0000,-5.9980,128.5970,0.6300
2613,8767,0.1450,0.9500,0.8030,0.0000,-4.1950,117.0000,0.8600
2614,8768,0.4800,0.3780,0.6910,0.0000,-5.6300,92.6410,0.2250
2615,8769,0.1040,0.4620,0.4140,0.0000,-7.7120,139.9040,0.4000
2616,8770,0.0095,0.9380,0.7350,0.0000,-6.3820,103.7000,0.5500
2617,8771,0.0045,0.7810,0.6250,0.0000,-9.1390,83.0240,0.6790
2618,8772,0.0017,0.8000,0.5020,0.0000,-6.0620,115.0910,0.3880
2619,8773,0.1590,0.5770,0.7560,0.0002,-5.8200,176.7500,0.6630
2620,8774,0.0010,0.5980,0.4890,0.0000,-7.7200,84.0270,0.0843
2621,8775,0.0094,0.6480,0.9310,0.0000,-3.1500,153.6490,0.7440
2622,8776,0.0493,0.5150,0.7400,0.0000,-5.5070,75.9220,0.7650
2623,8777,0.0039,0.6490,0.6470,0.1610,-7.6950,125.0200,0.4050
2624,8778,0.1080,0.7890,0.8810,0.0000,-5.7580,133.3010,0.6470
2625,8779,0.0485,0.4800,0.5180,0.0000,-4.2530,116.7370,0.3100
2626,8780,0.3640,0.6600,0.5480,0.0000,-7.1270,86.9470,0.4360
2627,8781,0.3580,0.8020,0.7720,0.0000,-4.8930,96.0460,0.6540
2628,8782,0.0007,0.6890,0.8860,0.0019,-5.0450,100.0290,0.5680
2629,8783,0.0084,0.8180,0.7050,0.0023,-6.6790,138.5590,0.7720
2630,8784,0.0880,0.7220,0.3290,0.0000,-11.6170,99.9910,0.1660
2631,8785,0.0260,0.4630,0.5240,0.0000,-8.2070,144.0550,0.3080
2632,8786,0.0041,0.3150,0.7510,0.0000,-5.7400,119.5660,0.2720
2633,8787,0.0293,0.4470,0.6940,0.0000,-4.6370,175.8680,0.5090
2634,8788,0.0086,0.5830,0.8290,0.0000,-4.6030,174.0280,0.5750
2635,8789,0.1910,0.7560,0.7700,0.0000,-3.5020,119.9610,0.7300
2636,8790,0.1730,0.6970,0.6450,0.0000,-4.2700,113.1010,0.2710
2637,8791,0.0108,0.4510,0.5500,0.0000,-8.1370,80.0010,0.5940
2638,8792,0.2710,0.5190,0.7490,0.0000,-3.3180,147.9050,0.2900
2639,8793,0.8840,0.6550,0.2960,0.0000,-10.5780,103.9810,0.3100
2640,8794,0.0359,0.8650,0.4500,0.0000,-9.3870,99.9890,0.3520
2641,8795,0.0476,0.8720,0.8720,0.0011,-6.3280,116.9480,0.8090
2642,8796,0.2980,0.8110,0.7570,0.0000,-6.4470,130.9960,0.5650
2643,8797,0.2250,0.8010,0.4540,0.0000,-6.0350,125.1390,0.3400
2644,8798,0.0007,0.5600,0.9590,0.0002,-2.4330,163.9830,0.6700
2645,8799,0.0048,0.8030,0.8510,0.0004,-2.4290,113.9960,0.8810
2646,8800,0.0056,0.6190,0.7090,0.0000,-4.6330,144.9720,0.6800
2647,8801,0.3170,0.9400,0.7430,0.0000,-5.1660,118.9880,0.9320
2648,8802,0.2770,0.6210,0.6000,0.0000,-6.3490,80.0210,0.4850
2649,8803,0.0525,0.4230,0.9120,0.0000,-3.2320,145.9420,0.3380
2650,8804,0.1790,0.7300,0.8070,0.7180,-6.4750,114.7150,0.7270
2651,8805,0.0577,0.9060,0.5850,0.0000,-7.7200,129.0550,0.8310
2652,8806,0.1370,0.6280,0.2910,0.0000,-10.5430,88.3060,0.3370
2653,8807,0.1970,0.9780,0.6870,0.0071,-4.9570,110.6160,0.7840
2654,8808,0.1220,0.6870,0.7230,0.0010,-4.7510,76.0000,0.4320
2655,8809,0.5260,0.6660,0.7110,0.0000,-4.2270,79.7550,0.8840
2656,8810,0.2690,0.6400,0.7430,0.0000,-4.0800,122.0350,0.3610
2657,8811,0.0021,0.4500,0.8490,0.0000,-3.8810,143.9040,0.3360
2658,8812,0.2850,0.7710,0.6760,0.0000,-6.0180,119.9970,0.8040
2659,8813,0.0056,0.6170,0.7170,0.0000,-7.8580,103.9920,0.4900
2660,8814,0.0847,0.6850,0.8000,0.0000,-6.5640,120.2260,0.4830
2661,8815,0.0014,0.7090,0.8900,0.0000,-3.6890,141.0420,0.8850
2662,8816,0.1230,0.7970,0.7800,0.0000,-3.7450,160.0500,0.7790
2663,8817,0.1500,0.7620,0.6610,0.0000,-6.0750,130.0090,0.7690
2664,8818,0.0007,0.4350,0.8870,0.0000,-4.0700,199.9350,0.4080
2665,8819,0.0611,0.6750,0.3940,0.0000,-8.5390,104.9870,0.4050
2666,8820,0.0031,0.7230,0.6440,0.0000,-6.8630,144.0900,0.6450
2667,8821,0.3290,0.4050,0.7210,0.0000,-6.9700,92.8550,0.8160
2668,8822,0.0459,0.6160,0.9100,0.0000,-3.0040,144.0730,0.6930
3341,9502,0.9800,0.3190,0.1300,0.9760,-11.4290,94.3230,0.0587
3342,9503,0.1590,0.6910,0.5750,0.0000,-7.4310,99.9840,0.4020
3343,9504,0.3850,0.5090,0.5380,0.0000,-7.3350,75.0890,0.2440
3344,9505,0.1120,0.6360,0.4360,0.0000,-9.5240,84.8040,0.3310
3345,9506,0.5490,0.5510,0.4910,0.0000,-6.8730,136.9260,0.3820
3346,9507,0.0038,0.5320,0.7830,0.0012,-5.6970,124.0800,0.6430
3347,9508,0.2020,0.3270,0.7100,0.0001,-2.9280,179.5610,0.4160
3348,9509,0.2250,0.6000,0.6630,0.0000,-5.8020,121.0700,0.2860
3349,9510,0.0197,0.3990,0.7870,0.0001,-2.8800,117.0890,0.5720
3350,9511,0.1790,0.7420,0.7240,0.0002,-3.7670,164.0010,0.5470
3351,9512,0.0342,0.6930,0.8710,0.0024,-4.5120,149.9840,0.1520
3352,9513,0.0155,0.7270,0.7260,0.0001,-5.4530,121.9890,0.5910
3353,9514,0.0205,0.7420,0.7130,0.0000,-5.5220,120.0320,0.8790
3354,9515,0.0228,0.8450,0.5060,0.0000,-5.9710,99.0510,0.6470
3355,9516,0.0625,0.6700,0.9050,0.0002,-2.3850,100.0210,0.5160
3356,9517,0.0650,0.7340,0.6530,0.0001,-3.4650,110.0190,0.3860
3357,9518,0.0211,0.5960,0.8560,0.0178,-3.5560,127.9490,0.7430
3358,9519,0.1540,0.6590,0.9110,0.0003,-2.2800,91.9990,0.5760
3359,9520,0.0097,0.5890,0.6210,0.0010,-6.9020,140.0300,0.4010
3360,9521,0.0668,0.9640,0.6050,0.0000,-6.2230,129.9940,0.6460
3361,9522,0.0064,0.6870,0.7020,0.0000,-5.3240,129.9560,0.2840
3362,9523,0.0467,0.7180,0.7920,0.0000,-3.5190,90.9490,0.9600
3363,9524,0.3110,0.3100,0.7660,0.0000,-4.9900,85.4090,0.2990
3364,9525,0.0802,0.6970,0.6210,0.0000,-6.8860,81.9460,0.7210
3365,9526,0.1620,0.7990,0.5860,0.0000,-6.7350,120.9700,0.5490
3366,9527,0.4240,0.8460,0.5270,0.0000,-5.2290,98.0670,0.4040
3367,9528,0.0354,0.7110,0.5080,0.0000,-7.2990,98.0980,0.6650
3368,9529,0.4070,0.5300,0.4220,0.0000,-6.2620,119.9640,0.3490
3369,9530,0.3090,0.3370,0.7170,0.0000,-5.7720,84.7290,0.4440
3370,9531,0.0064,0.5600,0.7560,0.0000,-4.8170,179.7710,0.4040
3371,9532,0.1540,0.6100,0.8930,0.0000,-3.6810,104.0310,0.6730
3372,9533,0.0332,0.5310,0.7700,0.0000,-7.2050,85.9960,0.5040
3373,9534,0.0224,0.5540,0.9340,0.0000,-2.9650,132.0630,0.6990
3374,9535,0.0383,0.7200,0.7900,0.0000,-4.6860,102.0680,0.7550
3375,9536,0.0071,0.5510,0.6360,0.0020,-7.1250,124.9960,0.1530
3376,9537,0.7190,0.6040,0.3660,0.0000,-7.8810,105.1770,0.1810
3377,9538,0.3280,0.6700,0.4760,0.0000,-6.2530,96.9750,0.2350
3378,9539,0.0099,0.6680,0.4110,0.8570,-13.7110,84.0600,0.3510
3379,9540,0.0036,0.7730,0.4040,0.0000,-7.4380,99.9990,0.2870
3380,9541,0.3040,0.8180,0.6700,0.0000,-4.4510,119.9880,0.9390
3381,9542,0.1190,0.4730,0.7770,0.0001,-3.6980,136.2490,0.2100
3382,9543,0.4750,0.8650,0.3720,0.0000,-10.9270,85.5350,0.7660
3383,9544,0.0372,0.7190,0.6710,0.0000,-6.2790,130.0270,0.7860
2669,8823,0.0051,0.4590,0.8910,0.0000,-5.0570,154.8370,0.5880
2670,8824,0.0141,0.6230,0.9300,0.0000,-5.2850,120.1190,0.2870
2671,8825,0.0756,0.6060,0.5910,0.0000,-7.2280,95.8020,0.4770
2672,8826,0.0865,0.2930,0.6240,0.0000,-7.1300,87.3350,0.2130
2673,8827,0.2500,0.7640,0.4870,0.0000,-6.7340,116.0270,0.3520
2674,8828,0.1660,0.9180,0.8570,0.0003,-5.0320,121.0060,0.9720
2675,8829,0.0106,0.7440,0.6970,0.0000,-5.0630,149.2800,0.7670
2676,8830,0.3300,0.6070,0.5990,0.0000,-6.8860,86.4910,0.5620
2677,8831,0.1890,0.7750,0.7310,0.0000,-5.4460,131.1050,0.8210
2678,8832,0.0217,0.4760,0.7360,0.0000,-5.3800,129.0840,0.2510
2679,8833,0.1590,0.5770,0.7560,0.0002,-5.8200,176.7500,0.6630
2680,8834,0.2260,0.6640,0.3510,0.0000,-12.1360,113.2040,0.8160
2681,8836,0.0003,0.5220,0.8740,0.0058,-4.3920,132.0180,0.1960
2682,8837,0.1230,0.8220,0.9050,0.0000,-4.0320,128.0140,0.6740
2683,8838,0.0007,0.5450,0.9320,0.0000,-2.1890,92.9560,0.4650
2684,8839,0.0159,0.8800,0.4360,0.0000,-7.5880,90.0220,0.7410
2685,8840,0.0745,0.7580,0.6420,0.0000,-8.1280,142.0780,0.7010
2686,8841,0.0023,0.4540,0.6310,0.0000,-4.7330,87.8880,0.3130
2687,8842,0.1020,0.6150,0.6960,0.0000,-4.9200,153.9600,0.7220
2688,8843,0.5280,0.8100,0.5380,0.0000,-5.7840,109.9700,0.8280
2689,8844,0.0104,0.7270,0.7100,0.0000,-6.1420,81.9950,0.3780
2690,8845,0.0003,0.2170,0.9050,0.0001,-4.1030,96.9500,0.2360
2691,8846,0.0419,0.4440,0.7080,0.0000,-5.9260,105.4120,0.2600
2692,8847,0.3020,0.5690,0.5460,0.0000,-6.2620,104.0070,0.2050
2693,8848,0.0317,0.8220,0.3510,0.0545,-12.5050,91.9400,0.5020
2694,8849,0.0584,0.9670,0.5830,0.0000,-5.5620,117.0000,0.9640
2695,8850,0.0382,0.2740,0.8080,0.0000,-2.6780,161.1040,0.1310
2696,8851,0.1970,0.8080,0.7210,0.0000,-5.1650,94.9550,0.7730
2697,8852,0.0252,0.6570,0.5880,0.0000,-6.0050,118.0220,0.1050
2698,8853,0.5940,0.6880,0.4770,0.0000,-6.6810,127.8660,0.2570
2699,8854,0.2670,0.7010,0.7240,0.0000,-5.7510,132.0350,0.4250
2700,8855,0.0046,0.6880,0.7330,0.0000,-4.5690,140.0040,0.4590
2701,8856,0.0016,0.5130,0.9170,0.0026,-2.9720,145.9100,0.4820
2702,8857,0.4090,0.6970,0.6290,0.0000,-5.7570,123.2790,0.4390
2703,8858,0.1700,0.6840,0.6060,0.0000,-7.2680,127.9010,0.7230
2704,8859,0.0368,0.6980,0.8600,0.0000,-5.1810,160.9040,0.4330
2705,8860,0.0473,0.4340,0.8720,0.0000,-2.9740,71.5150,0.7320
2706,8861,0.0042,0.5970,0.7150,0.9110,-6.7410,169.0360,0.5390
2707,8862,0.0209,0.6440,0.5480,0.0000,-5.4160,90.0420,0.1660
2708,8863,0.0017,0.4230,0.9400,0.0000,-4.0120,149.9340,0.5050
2709,8864,0.0906,0.7630,0.7810,0.0000,-2.3980,153.9780,0.6800
2710,8865,0.1920,0.6720,0.5850,0.0000,-5.7970,77.9980,0.8340
2711,8866,0.1050,0.3970,0.7400,0.0000,-6.5840,174.0390,0.4310
2712,8867,0.0185,0.6820,0.5950,0.0084,-11.8600,125.9820,0.6490
2713,8868,0.0133,0.6870,0.8710,0.0000,-5.4690,92.9980,0.6290
2714,8869,0.3090,0.9610,0.9000,0.0002,-6.8740,120.0060,0.9500
2715,8870,0.0149,0.6470,0.7150,0.0000,-5.6130,77.9700,0.5610
2716,8871,0.0407,0.8480,0.4950,0.0000,-12.6130,133.9900,0.7700
2717,8872,0.0000,0.4420,0.9530,0.0000,-2.2140,130.6830,0.5060
2718,8873,0.0828,0.6300,0.7820,0.0000,-5.4400,140.1440,0.4180
2719,8874,0.0917,0.7720,0.5900,0.0000,-6.9570,83.9980,0.7430
2720,8875,0.2880,0.6210,0.4170,0.0000,-6.9410,99.9530,0.2890
2721,8876,0.0010,0.7350,0.8260,0.1290,-4.9020,132.9640,0.7400
2722,8877,0.1270,0.4320,0.8950,0.0000,-3.6820,104.4580,0.6250
2723,8878,0.1490,0.4640,0.5980,0.0000,-6.7900,79.7320,0.6120
2724,8879,0.0219,0.7690,0.5200,0.0000,-5.1400,140.1120,0.5800
2725,8880,0.0007,0.5180,0.7970,0.0000,-5.1530,132.9150,0.2930
2726,8881,0.0869,0.8470,0.6670,0.0000,-5.7000,77.4920,0.7070
2727,8882,0.3400,0.8590,0.6810,0.0002,-6.2470,121.2430,0.8520
2728,8883,0.2050,0.4490,0.6820,0.0000,-5.2950,139.9240,0.2540
2729,8884,0.1530,0.6450,0.9420,0.0000,-3.4710,106.0140,0.8730
2730,8885,0.1100,0.7230,0.7320,0.0000,-5.5140,104.9910,0.5030
2731,8887,0.0928,0.9180,0.6090,0.0000,-5.6400,128.0080,0.3040
2732,8888,0.1880,0.6380,0.6560,0.0000,-5.8860,104.0360,0.2250
2733,8889,0.0209,0.6440,0.5480,0.0000,-5.4160,90.0420,0.1660
2734,8890,0.0550,0.8290,0.4280,0.0042,-9.4690,148.0770,0.4480
2735,8891,0.0252,0.6570,0.5880,0.0000,-6.0050,118.0220,0.1050
2736,8892,0.7150,0.4750,0.5010,0.0000,-5.1250,159.9720,0.3710
2737,8893,0.0208,0.5830,0.7860,0.0000,-3.1420,123.0520,0.5730
2738,8894,0.0572,0.5730,0.7120,0.0000,-5.9760,140.0120,0.3460
2739,8895,0.1340,0.6620,0.6930,0.0000,-4.2980,86.0090,0.6550
2740,8896,0.0371,0.6720,0.8190,0.0002,-4.4570,120.0130,0.4460
2741,8897,0.0329,0.8130,0.3710,0.0333,-12.3700,173.3380,0.4430
2742,8898,0.2720,0.7070,0.5080,0.0000,-5.8510,81.9910,0.5200
2743,8899,0.0941,0.4850,0.6190,0.0000,-7.1150,138.0170,0.4160
2744,8900,0.0022,0.6990,0.7600,0.0000,-3.1730,129.9960,0.6960
2745,8901,0.0161,0.6800,0.6870,0.0000,-6.1620,150.0530,0.4670
2746,8902,0.0863,0.7070,0.8130,0.0000,-4.5150,124.9210,0.7220
2747,8903,0.0336,0.8350,0.6690,0.0001,-5.5820,122.6680,0.5420
2748,8904,0.1910,0.7210,0.8800,0.0000,-3.8960,110.0210,0.6550
2749,8905,0.0219,0.7690,0.5200,0.0000,-5.1400,140.1120,0.5800
2750,8906,0.0225,0.7090,0.7450,0.0001,-6.4370,126.0270,0.5760
2751,8907,0.5940,0.6880,0.4770,0.0000,-6.6810,127.8660,0.2570
2752,8908,0.0996,0.7150,0.6650,0.0000,-7.7360,78.5020,0.8400
2753,8909,0.0099,0.7530,0.9310,0.0070,-4.9220,113.0290,0.7670
2754,8910,0.0003,0.5350,0.8880,0.0000,-3.1000,126.0110,0.4510
2755,8911,0.1530,0.6450,0.9420,0.0000,-3.4710,106.0140,0.8730
2756,8912,0.1910,0.7310,0.5630,0.0004,-4.0460,184.0090,0.4520
2757,8913,0.5950,0.6860,0.4570,0.0000,-8.3220,150.9530,0.7180
2758,8914,0.0283,0.6870,0.7100,0.0000,-5.8400,79.2350,0.8860
2759,8915,0.0044,0.9490,0.7900,0.0000,-5.9570,117.0020,0.8070
2760,8916,0.4310,0.5660,0.7660,0.0000,-5.0360,168.0050,0.5470
2761,8917,0.0194,0.6980,0.9160,0.0000,-5.0780,138.9810,0.8120
2762,8918,0.0022,0.6180,0.9550,0.0000,-3.8360,150.0340,0.7900
2763,8919,0.0659,0.4920,0.8590,0.0000,-4.2740,92.4740,0.2510
2764,8920,0.0182,0.7520,0.9210,0.0000,-4.3210,115.0330,0.6340
2765,8921,0.0254,0.5410,0.8540,0.0001,-6.1960,86.0440,0.4540
2766,8922,0.0001,0.7060,0.8410,0.0000,-3.9560,132.0320,0.8610
2767,8923,0.0710,0.3750,0.8620,0.0000,-3.3630,159.8410,0.4780
2768,8924,0.1540,0.6480,0.8010,0.0000,-7.2400,78.9460,0.8070
2769,8925,0.1710,0.7270,0.7290,0.0000,-2.9900,117.9320,0.5120
2770,8926,0.0019,0.6920,0.6610,0.0000,-4.8470,82.4790,0.7030
2771,8927,0.1110,0.6680,0.6720,0.0000,-4.9310,89.0110,0.5390
2772,8928,0.0912,0.7740,0.6530,0.0000,-5.1580,120.0100,0.8180
2773,8929,0.0387,0.6730,0.6950,0.0021,-8.6360,151.4680,0.7740
2774,8930,0.0315,0.5400,0.7730,0.0000,-3.6270,130.9520,0.3810
3384,9545,0.0309,0.5450,0.7800,0.0000,-4.8670,125.0140,0.4580
2775,8931,0.0105,0.6870,0.4070,0.0000,-9.0320,173.9040,0.1270
2776,8932,0.0024,0.5780,0.5460,0.0000,-8.1490,120.8180,0.0819
2777,8933,0.1640,0.5480,0.6580,0.0001,-8.0630,127.8920,0.2760
2778,8934,0.2880,0.6210,0.4170,0.0000,-6.9410,99.9530,0.2890
2779,8935,0.0015,0.6730,0.6860,0.0000,-5.7450,118.4300,0.3400
2780,8936,0.0030,0.7560,0.8290,0.0000,-3.9730,120.1630,0.5040
2781,8937,0.0327,0.7750,0.6410,0.0000,-6.7180,119.9740,0.3050
2782,8938,0.0015,0.5290,0.9340,0.0000,-4.8080,127.9620,0.2820
2783,8939,0.5120,0.5840,0.7000,0.0000,-4.2510,163.9530,0.5490
2784,8940,0.1370,0.6280,0.2910,0.0000,-10.5430,88.3060,0.3370
2785,8941,0.0048,0.5340,0.3930,0.0107,-7.8130,110.0070,0.0641
2786,8942,0.0772,0.7330,0.7440,0.0000,-3.5100,92.5150,0.5290
2787,8943,0.4800,0.6680,0.6730,0.0000,-5.7140,171.8120,0.7270
2788,8944,0.6500,0.4330,0.3070,0.0000,-8.7960,178.1140,0.3780
2789,8945,0.0046,0.8300,0.7460,0.0000,-6.2860,125.9920,0.6460
2790,8946,0.5410,0.4850,0.7230,0.0000,-6.5650,167.8450,0.5410
2791,8947,0.0825,0.7660,0.6920,0.0000,-4.6720,102.0280,0.6910
2792,8948,0.3140,0.6440,0.7190,0.0000,-5.4150,93.9530,0.7560
2793,8949,0.2070,0.5720,0.8220,0.0000,-6.0150,94.8120,0.4720
2794,8950,0.6400,0.4580,0.4450,0.0000,-8.3910,82.8200,0.4470
2795,8951,0.0007,0.6070,0.7840,0.0000,-4.4100,113.1720,0.4420
2796,8952,0.0032,0.8230,0.7530,0.0000,-4.1990,117.2810,0.6560
2797,8953,0.1170,0.6960,0.5990,0.0000,-6.3890,123.9370,0.1870
2798,8954,0.0034,0.6530,0.7700,0.0000,-6.0910,137.6160,0.2720
2799,8955,0.0541,0.4140,0.5780,0.0000,-6.3830,154.9600,0.2810
2800,8956,0.0207,0.8910,0.9490,0.0003,-5.7140,119.9920,0.8780
2801,8957,0.0149,0.6470,0.7150,0.0000,-5.6130,77.9700,0.5610
2802,8958,0.1450,0.7810,0.7910,0.0000,-3.9030,76.9980,0.9020
2803,8959,0.0324,0.6680,0.9510,0.0000,-3.4530,113.9860,0.8260
2804,8960,0.0542,0.7600,0.5240,0.5000,-7.6700,119.6030,0.1120
2805,8961,0.0140,0.7230,0.3220,0.0000,-9.7020,90.0630,0.0406
2806,8962,0.0084,0.5700,0.6640,0.0000,-4.7180,162.0840,0.4870
2807,8963,0.1600,0.8400,0.5710,0.0000,-7.4210,116.5900,0.6170
2808,8964,0.1730,0.6970,0.6450,0.0000,-4.2700,113.1010,0.2710
2809,8965,0.0030,0.4390,0.8080,0.0000,-6.8810,82.9620,0.4870
2810,8966,0.0730,0.7240,0.6950,0.0000,-5.2260,139.0000,0.2350
2811,8967,0.0186,0.6200,0.6390,0.0001,-5.3980,119.0550,0.3400
2812,8968,0.0354,0.9230,0.7920,0.0006,-3.6330,123.0350,0.5480
2813,8969,0.0902,0.7690,0.6380,0.0000,-5.0540,115.0070,0.7820
2814,8970,0.0088,0.4310,0.8420,0.0000,-4.0720,83.6600,0.6100
2815,8971,0.0212,0.7000,0.8640,0.0000,-3.6290,102.9970,0.8870
2816,8972,0.3580,0.6990,0.6990,0.0000,-5.5640,94.9770,0.6110
2817,8973,0.0193,0.4390,0.9060,0.0000,-4.8000,161.9050,0.6870
2818,8974,0.0724,0.6730,0.7660,0.0000,-5.0180,148.1130,0.3820
2819,8975,0.2110,0.4200,0.7410,0.0000,-4.4520,128.9190,0.3330
2820,8976,0.0381,0.6390,0.6280,0.0000,-7.5780,90.4820,0.4300
2821,8977,0.2370,0.9200,0.5530,0.0000,-5.0680,112.0210,0.9470
2822,8978,0.0231,0.5960,0.8970,0.0000,-4.3830,107.0230,0.5900
2823,8979,0.0237,0.5000,0.6650,0.0001,-7.1570,154.9970,0.3200
2824,8980,0.2680,0.3920,0.6400,0.0000,-5.1010,149.1500,0.1270
2825,8981,0.0008,0.4830,0.9070,0.0000,-3.1660,130.9840,0.3520
2826,8982,0.1790,0.7300,0.8070,0.7180,-6.4750,114.7150,0.7270
2827,8983,0.0008,0.5120,0.8650,0.0000,-4.1460,138.0170,0.5290
2828,8984,0.0137,0.5950,0.8440,0.0000,-4.6780,127.9810,0.6030
2829,8985,0.0780,0.5790,0.7420,0.0000,-3.6160,78.4780,0.4010
2830,8986,0.0043,0.5170,0.7470,0.0000,-6.1910,134.0620,0.2710
2831,8987,0.1300,0.8670,0.8570,0.0017,-5.8920,130.0480,0.4020
2832,8988,0.1180,0.8510,0.8060,0.0000,-4.6200,118.9990,0.7870
2833,8989,0.0264,0.8220,0.7390,0.0000,-4.5410,118.9920,0.7450
2834,8990,0.0873,0.7430,0.7660,0.0000,-6.3750,127.9600,0.6100
2835,8991,0.0186,0.6200,0.6390,0.0001,-5.3980,119.0550,0.3400
2836,8992,0.0518,0.4530,0.9750,0.0000,-3.0740,129.1740,0.1550
2837,8993,0.5950,0.6860,0.4570,0.0000,-8.3220,150.9530,0.7180
2838,8994,0.0383,0.4260,0.5840,0.0000,-5.2930,193.4380,0.2720
2839,8995,0.0515,0.7900,0.6470,0.0000,-5.9830,87.9990,0.6540
2840,8996,0.0159,0.7180,0.6910,0.0000,-6.4400,100.0080,0.5520
2841,8997,0.1510,0.6880,0.7750,0.0000,-4.4360,129.9690,0.4690
2842,8998,0.0402,0.7130,0.7460,0.0000,-4.9900,135.0210,0.4700
2843,8999,0.0187,0.3380,0.8030,0.0000,-5.4120,151.9940,0.4000
2844,9000,0.0055,0.2760,0.7150,0.0004,-5.3560,137.0280,0.1730
2845,9001,0.0095,0.5880,0.8770,0.0000,-4.7800,155.1650,0.6450
2846,9002,0.0782,0.6730,0.6140,0.0000,-5.4260,176.0520,0.3620
2847,9003,0.0133,0.8200,0.7310,0.0000,-6.0200,127.0760,0.7930
2848,9004,0.0710,0.3750,0.8620,0.0000,-3.3630,159.8410,0.4780
2849,9005,0.0192,0.7570,0.7190,0.0000,-3.7970,150.0110,0.8140
2850,9006,0.0101,0.7270,0.6800,0.0000,-4.4980,132.0130,0.7290
2851,9007,0.0635,0.3360,0.6020,0.0000,-6.3540,161.0100,0.2990
2852,9008,0.2040,0.4570,0.8550,0.0000,-4.8770,162.1640,0.5900
2853,9009,0.0014,0.5260,0.8820,0.0000,-4.0060,144.9820,0.4240
2854,9010,0.2730,0.4220,0.7120,0.0000,-5.9070,78.4540,0.4710
2855,9011,0.0001,0.7060,0.8410,0.0000,-3.9560,132.0320,0.8610
2856,9012,0.0011,0.4600,0.7960,0.0000,-4.5010,100.0110,0.1820
2857,9013,0.1470,0.7910,0.7330,0.0004,-5.2150,114.9800,0.7610
2858,9014,0.4620,0.8800,0.4430,0.0000,-6.3590,138.0180,0.8030
2859,9015,0.0011,0.6520,0.6980,0.0001,-4.6670,96.0210,0.4700
2860,9016,0.0001,0.4430,0.9710,0.0000,-4.9930,140.2120,0.2320
2861,9017,0.8100,0.4550,0.5190,0.0000,-10.1460,84.7810,0.4930
2862,9018,0.0007,0.6070,0.7840,0.0000,-4.4100,113.1720,0.4420
2863,9019,0.0192,0.8390,0.8040,0.0000,-2.5130,122.9730,0.8880
2864,9020,0.0444,0.6150,0.7110,0.0000,-5.5070,144.0360,0.7110
2865,9021,0.0057,0.8940,0.6780,0.0000,-5.6110,105.0240,0.8440
2866,9022,0.0012,0.5240,0.8780,0.0000,-3.1080,130.9890,0.5900
2867,9023,0.2950,0.6770,0.5230,0.0000,-5.6030,60.0190,0.4460
2868,9024,0.0738,0.6040,0.7910,0.0000,-4.8870,90.9390,0.3990
2869,9025,0.0730,0.7240,0.6950,0.0000,-5.2260,139.0000,0.2350
2870,9026,0.0161,0.6800,0.6870,0.0000,-6.1620,150.0530,0.4670
2871,9027,0.0465,0.7420,0.4680,0.0000,-5.5570,86.4430,0.3690
2872,9028,0.6650,0.7310,0.6440,0.0000,-5.3480,129.9400,0.6910
2873,9029,0.0116,0.5940,0.8740,0.0000,-3.7160,119.9640,0.6280
2874,9030,0.0542,0.7600,0.5240,0.5000,-7.6700,119.6030,0.1120
2875,9031,0.0003,0.5350,0.8880,0.0000,-3.1000,126.0110,0.4510
2876,9032,0.0070,0.8510,0.6290,0.0004,-8.3850,125.9840,0.7890
2877,9033,0.0336,0.5860,0.4930,0.9710,-8.1500,84.0090,0.3540
2878,9034,0.0953,0.6300,0.5040,0.0000,-6.1520,89.9460,0.4870
2879,9035,0.0034,0.6750,0.6020,0.0000,-4.6880,159.9940,0.0920
2880,9036,0.0825,0.7560,0.6190,0.0000,-4.3700,111.5730,0.5210
2881,9037,0.0004,0.5360,0.8900,0.0016,-5.2220,115.9980,0.2050
2882,9038,0.0091,0.5900,0.8410,0.0000,-4.5030,138.0200,0.7500
2883,9039,0.1130,0.7620,0.6920,0.0000,-3.9730,114.9060,0.3970
2884,9040,0.1230,0.7420,0.9480,0.0000,-4.4450,130.0220,0.6150
2885,9041,0.0941,0.4850,0.6190,0.0000,-7.1150,138.0170,0.4160
2886,9042,0.2690,0.8320,0.8700,0.0000,-4.2000,137.9980,0.5770
2887,9043,0.0178,0.6130,0.6340,0.0000,-3.4720,144.9530,0.3700
2888,9044,0.1670,0.9210,0.6780,0.0000,-5.1240,119.0670,0.9170
2889,9045,0.4800,0.6680,0.6730,0.0000,-5.7140,171.8120,0.7270
2890,9046,0.0274,0.5130,0.6610,0.0000,-6.8000,180.1180,0.4610
2891,9047,0.0002,0.4930,0.8080,0.0000,-3.3650,117.9710,0.3800
2892,9048,0.9870,0.3740,0.4050,0.9140,-15.3040,173.2400,0.2740
2893,9049,0.0074,0.5080,0.8230,0.0000,-3.7110,95.9800,0.1520
2894,9050,0.2890,0.8650,0.6900,0.0138,-7.4480,121.9830,0.8680
2895,9051,0.4280,0.4400,0.5170,0.0000,-7.3550,73.8810,0.4750
2896,9052,0.0995,0.6930,0.8220,0.0000,-6.0100,121.9690,0.7650
2897,9053,0.0032,0.6320,0.7300,0.0000,-5.8950,76.0670,0.7620
2898,9054,0.1630,0.6450,0.8250,0.0000,-6.4730,117.0370,0.6410
2899,9055,0.0171,0.5570,0.7830,0.0172,-4.8930,177.0080,0.4420
3385,9546,0.5630,0.6270,0.7030,0.0000,-4.8840,81.8970,0.6400
3386,9547,0.0002,0.2790,0.7420,0.0000,-6.4600,189.8680,0.3280
3387,9548,0.3100,0.6800,0.7880,0.0000,-6.6770,135.9430,0.6530
3388,9549,0.1020,0.5120,0.9010,0.0000,-3.1690,143.9840,0.5810
3389,9550,0.1500,0.7420,0.5950,0.0000,-7.5100,101.0130,0.4310
3390,9551,0.0632,0.5450,0.8750,0.0000,-4.1740,121.9590,0.6050
3391,9552,0.1780,0.7120,0.9240,0.0000,-3.7890,120.0170,0.7250
3392,9553,0.1280,0.4780,0.8550,0.0000,-5.7630,169.9780,0.5100
3393,9554,0.0317,0.6990,0.5290,0.0000,-7.5480,119.9870,0.1210
3394,9555,0.0064,0.5450,0.7750,0.0000,-4.3250,174.0860,0.5160
3395,9556,0.0015,0.6760,0.8570,0.6740,-6.7000,128.0100,0.0378
3396,9557,0.0144,0.5640,0.6690,0.0000,-5.2380,87.2680,0.4770
3397,9558,0.0476,0.7330,0.5890,0.0000,-7.3700,170.0970,0.8670
3398,9559,0.0050,0.5510,0.8360,0.0000,-3.8380,185.0630,0.7580
3399,9560,0.1500,0.6950,0.6150,0.0002,-5.3250,124.0150,0.4140
3400,9561,0.1090,0.5200,0.9530,0.0000,-3.8130,171.9810,0.8560
3401,9562,0.0649,0.7090,0.6380,0.0000,-4.3000,141.9940,0.4680
3402,9563,0.1120,0.6730,0.8770,0.0000,-5.1310,121.9940,0.8190
3403,9564,0.0054,0.4230,0.7420,0.0000,-5.5570,205.9320,0.6580
3404,9565,0.0948,0.7150,0.6700,0.0000,-5.1230,126.0690,0.8670
3405,9566,0.0195,0.6270,0.9360,0.0000,-3.8410,101.0090,0.6950
3406,9567,0.1070,0.7740,0.6440,0.0000,-5.1930,125.0940,0.2700
3407,9568,0.0038,0.8660,0.6060,0.0000,-4.7620,119.9910,0.8380
3408,9569,0.3110,0.7970,0.8210,0.0000,-4.3870,97.4760,0.5670
3409,9570,0.1220,0.6940,0.8100,0.0000,-3.5560,137.9680,0.8240
3410,9571,0.0292,0.5580,0.4910,0.0000,-5.2460,101.1310,0.1100
3411,9572,0.0826,0.7800,0.4500,0.0000,-9.5390,95.4860,0.1780
3412,9573,0.0311,0.6540,0.7260,0.0001,-3.8030,103.9870,0.7280
3413,9574,0.2810,0.8420,0.4820,0.0000,-8.8460,92.0230,0.2050
3414,9575,0.0003,0.8630,0.6090,0.0000,-5.2310,140.0200,0.3260
3415,9576,0.3440,0.5270,0.9020,0.0000,-5.3520,181.9640,0.7090
3416,9577,0.0541,0.7670,0.7820,0.0000,-5.5450,116.4910,0.8270
3417,9578,0.0006,0.4980,0.9580,0.0000,-4.2280,160.0090,0.4530
3418,9579,0.1160,0.5960,0.7320,0.0000,-3.1210,127.9780,0.4820
3419,9580,0.0296,0.4120,0.4410,0.0726,-11.5230,185.5710,0.1740
3420,9581,0.0523,0.7080,0.5960,0.0000,-7.6920,133.9550,0.5880
3421,9582,0.7370,0.5590,0.7160,0.0000,-3.9640,176.6180,0.5040
3422,9583,0.3990,0.5870,0.5590,0.0000,-7.7420,92.0360,0.1900
3423,9584,0.0527,0.6800,0.8880,0.0000,-5.3080,90.0760,0.4840
3424,9585,0.1110,0.5830,0.6550,0.0000,-5.4070,119.7590,0.2010
3425,9586,0.0080,0.8560,0.6090,0.0001,-7.2230,114.9880,0.9280
3426,9587,0.4740,0.7810,0.4450,0.0000,-6.0610,78.9980,0.5910
3427,9588,0.3690,0.6890,0.4810,0.0000,-7.5030,80.0250,0.2830
3428,9589,0.0244,0.7460,0.8730,0.0000,-3.8030,148.0750,0.8170
3429,9590,0.0591,0.7480,0.7880,0.0000,-7.0550,120.0760,0.8840
3430,9591,0.0070,0.5780,0.8660,0.0000,-3.8040,128.0380,0.6190
3431,9592,0.0850,0.7520,0.6780,0.0000,-5.4210,96.0090,0.5830
3432,9593,0.2340,0.8190,0.7680,0.0000,-8.5220,139.9820,0.9640
3433,9594,0.4170,0.6600,0.3720,0.0000,-6.0250,119.9460,0.4320
2900,9056,0.0001,0.4850,0.9110,0.0000,-5.7490,89.9560,0.5680
2901,9057,0.1740,0.7890,0.5500,0.0000,-7.4230,172.0490,0.6960
2902,9058,0.0018,0.4400,0.9760,0.0000,-3.1700,150.0050,0.4120
2903,9059,0.0897,0.7130,0.8260,0.0000,-4.0750,86.4440,0.6640
2904,9060,0.0192,0.7170,0.5870,0.0000,-7.2960,129.9540,0.5440
2905,9061,0.6540,0.6160,0.5960,0.0000,-5.0350,137.0770,0.5800
2906,9062,0.2980,0.5870,0.3420,0.0000,-8.0340,92.7100,0.2120
2907,9063,0.0863,0.7070,0.8130,0.0000,-4.5150,124.9210,0.7220
2908,9064,0.0518,0.2680,0.7420,0.0000,-4.9390,159.7790,0.4160
2909,9066,0.1520,0.6740,0.6160,0.0000,-4.9750,77.9950,0.6480
2910,9067,0.6450,0.5660,0.7130,0.0000,-4.2500,169.8640,0.8070
2911,9068,0.0512,0.8690,0.5460,0.0113,-6.7550,146.1180,0.8550
2912,9069,0.1730,0.7060,0.7510,0.0000,-6.3230,91.0310,0.1950
2913,9070,0.5120,0.4930,0.6430,0.0000,-5.1900,144.7170,0.3000
2914,9071,0.0159,0.5550,0.9240,0.0000,-4.9300,87.6060,0.8650
2915,9072,0.3430,0.7470,0.8780,0.0000,-3.5330,106.0040,0.5570
2916,9073,0.0452,0.6970,0.7090,0.0000,-1.9170,134.9100,0.7870
2917,9074,0.2490,0.4570,0.9060,0.0000,-2.2780,104.0200,0.5400
2918,9075,0.0631,0.6910,0.8530,0.0001,-2.5280,145.9990,0.7620
2919,9076,0.1630,0.6560,0.7860,0.0001,-4.4510,113.9630,0.3780
2920,9077,0.0010,0.5020,0.9380,0.0000,-3.1140,144.0770,0.3500
2921,9078,0.0912,0.6220,0.8820,0.0000,-5.5900,77.5060,0.7620
2922,9079,0.2130,0.6510,0.6990,0.0003,-5.0060,141.9380,0.3600
2923,9080,0.4430,0.6860,0.5760,0.0000,-6.6320,83.9710,0.7200
2924,9081,0.2170,0.2090,0.8720,0.0000,-2.9960,78.1390,0.2940
2925,9082,0.0050,0.7770,0.8200,0.0000,-3.2110,119.9870,0.6510
2926,9083,0.0363,0.7520,0.9820,0.0000,-4.3890,93.0190,0.9380
2927,9084,0.0116,0.7670,0.2250,0.9050,-7.6330,93.8960,0.1240
2928,9085,0.2520,0.5630,0.4020,0.0000,-10.4960,115.5610,0.2000
2929,9086,0.5680,0.2300,0.4920,0.0000,-5.7670,160.1390,0.2620
2930,9087,0.0746,0.7550,0.8320,0.0000,-2.7410,120.0320,0.7350
2931,9088,0.0348,0.5880,0.7240,0.0001,-4.3790,107.9860,0.3770
2932,9089,0.2170,0.6750,0.8850,0.0000,-4.4320,97.0300,0.7680
2933,9090,0.0045,0.7910,0.7540,0.0000,-3.7290,125.0140,0.4250
2934,9091,0.1980,0.7810,0.7450,0.0000,-5.8100,129.9980,0.3260
2935,9092,0.1100,0.6600,0.8670,0.0000,-4.2850,93.0330,0.3770
2936,9093,0.2460,0.7460,0.9220,0.0000,-5.0140,86.9610,0.6380
2937,9094,0.0031,0.6960,0.9210,0.0001,-3.7550,119.0010,0.7140
2938,9095,0.0038,0.7510,0.7830,0.0000,-3.7240,119.9750,0.8160
2939,9096,0.0327,0.6070,0.9340,0.0000,-4.2170,122.0100,0.5680
2940,9097,0.3860,0.6880,0.8530,0.0000,-5.8140,103.9930,0.7430
2941,9098,0.0210,0.6480,0.9420,0.0000,-2.8810,129.0070,0.7300
2942,9099,0.1020,0.7330,0.6640,0.0000,-6.1630,148.0050,0.5570
2943,9100,0.0266,0.7620,0.7480,0.0000,-4.1500,110.0090,0.8510
2944,9101,0.1130,0.5630,0.7500,0.0000,-4.4960,173.9060,0.8120
2945,9102,0.0059,0.8250,0.8320,0.0008,-5.8530,122.0210,0.7130
2946,9103,0.6970,0.7140,0.4340,0.0000,-11.5420,123.9420,0.3520
2947,9104,0.0151,0.6370,0.8430,0.0000,-5.4130,109.0120,0.4340
2948,9105,0.1790,0.7680,0.8200,0.0000,-4.6300,129.9690,0.6250
2949,9106,0.1790,0.5970,0.5170,0.0000,-6.9630,92.0350,0.4120
2950,9107,0.9870,0.3740,0.4050,0.9140,-15.3040,173.2400,0.2740
2951,9108,0.0300,0.6660,0.8780,0.0000,-2.8500,119.9320,0.6690
2952,9109,0.2970,0.6330,0.6730,0.0000,-6.4030,86.7760,0.6590
2953,9110,0.5430,0.8540,0.9540,0.0000,-1.1850,114.6090,0.6700
2954,9111,0.1730,0.7060,0.7510,0.0000,-6.3230,91.0310,0.1950
2955,9112,0.0852,0.9150,0.7860,0.0002,-9.3480,130.0030,0.7140
2956,9113,0.1440,0.6300,0.6960,0.0000,-4.5010,94.0340,0.4910
2957,9114,0.0066,0.8290,0.6270,0.0000,-3.9280,120.0480,0.7200
2958,9115,0.0873,0.7430,0.7660,0.0000,-6.3750,127.9600,0.6100
2959,9116,0.0274,0.5130,0.6610,0.0000,-6.8000,180.1180,0.4610
2960,9117,0.0045,0.7240,0.8700,0.0000,-3.6140,93.0100,0.8100
2961,9118,0.0209,0.6250,0.6130,0.0000,-6.0050,96.0340,0.7370
2962,9119,0.0004,0.6260,0.7990,0.0016,-6.6120,98.9920,0.3690
2963,9120,0.1280,0.4420,0.8300,0.0000,-4.0200,89.3380,0.5780
2964,9121,0.0439,0.5520,0.7570,0.0000,-6.0720,89.9810,0.0979
2965,9122,0.0025,0.7840,0.4980,0.0000,-6.9770,143.9600,0.4180
2966,9124,0.1140,0.5310,0.5740,0.0308,-6.6930,115.6800,0.2720
2967,9125,0.1520,0.6150,0.7330,0.0000,-4.8080,122.5800,0.7960
2968,9126,0.0283,0.6160,0.8690,0.0000,-3.9110,127.9660,0.4730
2969,9127,0.0101,0.7270,0.6800,0.0000,-4.4980,132.0130,0.7290
2970,9128,0.0004,0.6740,0.8820,0.0001,-2.7710,123.0160,0.6820
2971,9129,0.0444,0.6150,0.7110,0.0000,-5.5070,144.0360,0.7110
2972,9130,0.0494,0.7300,0.8480,0.0000,-5.2620,65.0250,0.5590
2973,9131,0.0071,0.4400,0.6830,0.0000,-4.7320,185.9480,0.4450
2974,9132,0.0047,0.7000,0.7280,0.0000,-3.8160,121.0550,0.7460
2975,9133,0.1030,0.7860,0.7140,0.0000,-4.1590,125.9220,0.7100
2976,9134,0.0273,0.5890,0.8930,0.0000,-2.9480,92.0110,0.9400
2977,9135,0.0121,0.3100,0.7460,0.0000,-3.5990,182.0320,0.1630
2978,9136,0.1680,0.5720,0.7180,0.0000,-9.3100,140.1390,0.3630
2979,9137,0.0833,0.7520,0.8320,0.0003,-3.2430,120.0030,0.5340
2980,9138,0.0205,0.8450,0.6010,0.0000,-5.2830,74.0080,0.3290
2981,9139,0.0203,0.8540,0.6730,0.0000,-4.8960,125.8450,0.8180
2982,9140,0.2580,0.5290,0.9480,0.0000,-3.5270,146.0240,0.6500
2983,9141,0.0222,0.6130,0.9170,0.0000,-2.5490,131.0070,0.5380
2984,9142,0.1720,0.6270,0.7230,0.0000,-6.7820,84.8480,0.7570
2985,9143,0.1510,0.6880,0.7750,0.0000,-4.4360,129.9690,0.4690
2986,9144,0.0047,0.7980,0.6290,0.0000,-6.8570,130.0000,0.4000
2987,9145,0.0000,0.7250,0.6720,0.0022,-5.3530,125.0420,0.7770
2988,9146,0.0107,0.3900,0.8470,0.0000,-5.6110,99.7680,0.4480
2989,9147,0.0004,0.4790,0.8240,0.0000,-5.4680,148.0130,0.7270
2990,9148,0.0003,0.7030,0.8120,0.0000,-4.8730,102.9820,0.7110
2991,9149,0.0127,0.5490,0.9320,0.0000,-4.1100,82.4390,0.7870
3434,9595,0.0861,0.3560,0.5670,0.0000,-7.0110,135.5530,0.1090
3435,9596,0.1660,0.7820,0.6850,0.0000,-6.2370,118.0160,0.6030
3436,9597,0.1240,0.7020,0.7700,0.0000,-5.4160,107.9510,0.5930
3437,9598,0.2420,0.2390,0.6130,0.0000,-6.6480,189.6280,0.2920
3438,9599,0.6340,0.5660,0.6640,0.0000,-5.3030,128.9450,0.4370
3439,9600,0.0885,0.6460,0.7940,0.0000,-6.1040,170.2160,0.2870
3440,9601,0.0035,0.7230,0.8090,0.0012,-3.0810,98.0070,0.2740
3441,9602,0.0091,0.7750,0.6800,0.0000,-5.5080,114.0250,0.6560
3442,9603,0.0561,0.6480,0.7850,0.0000,-5.4140,160.0200,0.9430
3443,9604,0.0410,0.4320,0.7810,0.0000,-4.0380,139.4320,0.1970
3444,9605,0.0549,0.5640,0.7140,0.0000,-4.9870,175.9240,0.3300
3445,9606,0.0026,0.6180,0.7170,0.0000,-5.7380,190.0500,0.6030
3446,9607,0.0506,0.7750,0.8250,0.0000,-5.4020,139.0910,0.9500
3447,9608,0.0630,0.8840,0.7650,0.0000,-3.8650,99.9870,0.5940
3448,9609,0.0697,0.7330,0.6760,0.0000,-5.6550,97.4480,0.7010
2992,9150,0.1130,0.7620,0.6920,0.0000,-3.9730,114.9060,0.3970
2993,9151,0.0104,0.4200,0.7870,0.0000,-4.4670,97.9670,0.3800
2994,9152,0.0025,0.4880,0.5290,0.0023,-10.1760,126.1860,0.1960
2995,9153,0.0011,0.6520,0.6980,0.0001,-4.6670,96.0210,0.4700
2996,9154,0.0311,0.6440,0.7390,0.0000,-5.1030,74.1540,0.2310
2997,9155,0.0452,0.6970,0.7090,0.0000,-1.9170,134.9100,0.7870
2998,9156,0.3850,0.5990,0.6240,0.0000,-3.6310,90.0340,0.5390
2999,9157,0.2490,0.4570,0.9060,0.0000,-2.2780,104.0200,0.5400
3000,9158,0.1890,0.5210,0.7020,0.0000,-5.1890,127.9760,0.2500
3001,9159,0.0056,0.6820,0.8890,0.0000,-4.1660,138.0210,0.8270
3002,9160,0.2170,0.2090,0.8720,0.0000,-2.9960,78.1390,0.2940
3003,9161,0.0172,0.7150,0.9070,0.0001,-6.0250,124.9920,0.8410
3004,9162,0.0717,0.5160,0.7640,0.0000,-6.2230,148.0210,0.3760
3005,9163,0.0185,0.6050,0.9020,0.0000,-5.4060,132.6120,0.8750
3006,9164,0.7320,0.5950,0.5070,0.0000,-7.8920,86.0990,0.3370
3007,9165,0.0135,0.5500,0.7790,0.0000,-3.8410,150.0690,0.3150
3008,9166,0.0430,0.5920,0.9440,0.0000,-2.9400,124.4200,0.5740
3009,9167,0.3290,0.7020,0.7950,0.0000,-4.7640,83.9610,0.8360
3010,9168,0.0002,0.5900,0.6980,0.0000,-4.2620,95.9750,0.3520
3011,9169,0.1750,0.6260,0.5200,0.0000,-8.0770,77.4680,0.2570
3012,9170,0.9830,0.5510,0.1210,0.9110,-21.1830,109.9660,0.1350
3013,9171,0.0845,0.5550,0.7130,0.0000,-4.5490,79.9340,0.7250
3014,9172,0.0995,0.6930,0.8220,0.0000,-6.0100,121.9690,0.7650
3015,9173,0.0055,0.2760,0.7150,0.0004,-5.3560,137.0280,0.1730
3016,9174,0.1110,0.4760,0.8470,0.0000,-2.1910,156.2290,0.6630
3017,9175,0.0002,0.7760,0.8710,0.9090,-14.1770,140.0180,0.9630
3018,9176,0.0390,0.5630,0.8420,0.0000,-4.3400,152.0610,0.4870
3019,9177,0.5750,0.5150,0.3000,0.0000,-8.0050,81.1200,0.2060
3020,9178,0.4000,0.5900,0.5000,0.0000,-6.5370,130.6750,0.3240
3021,9179,0.1440,0.4520,0.5630,0.0000,-6.6070,137.7150,0.2090
3022,9180,0.4520,0.5940,0.6900,0.0000,-5.3440,85.9580,0.1780
3023,9181,0.4610,0.6760,0.7620,0.0000,-4.1720,119.0030,0.8100
3024,9182,0.0534,0.4340,0.7640,0.0000,-3.4500,51.3160,0.3090
3025,9183,0.2030,0.5410,0.8120,0.0000,-3.7640,141.0560,0.6070
3026,9184,0.2000,0.8460,0.4380,0.0001,-4.9810,85.0130,0.5120
3027,9185,0.1580,0.4960,0.8200,0.2460,-5.1550,110.9770,0.5490
3028,9186,0.1840,0.8790,0.5670,0.0000,-6.5090,112.4720,0.9480
3029,9187,0.1380,0.7300,0.7700,0.0000,-5.1140,104.9480,0.5070
3030,9188,0.0246,0.7480,0.7350,0.0000,-4.1360,130.0210,0.3860
3031,9189,0.1390,0.6380,0.8260,0.0000,-4.9680,124.0720,0.6490
3032,9190,0.0642,0.8930,0.7450,0.0000,-3.1050,101.0180,0.8720
3033,9191,0.1920,0.6710,0.9390,0.0000,-3.2060,129.0230,0.5290
3034,9192,0.1460,0.7060,0.5580,0.0000,-7.2370,110.4430,0.2270
3035,9193,0.2900,0.7210,0.8670,0.0000,-4.3020,127.0330,0.6390
3036,9194,0.0145,0.7160,0.7670,0.0000,-4.4500,128.0500,0.6740
3037,9195,0.1850,0.4820,0.6610,0.0000,-8.6460,94.0010,0.2460
3038,9196,0.0953,0.7650,0.6800,0.0009,-6.3060,129.9980,0.4620
3039,9197,0.0133,0.7640,0.6720,0.0001,-5.0070,127.9690,0.7790
3040,9198,0.1450,0.7330,0.7100,0.1150,-5.8490,127.9750,0.9650
3041,9199,0.0012,0.6490,0.8150,0.0000,-3.7960,126.0300,0.7650
3042,9200,0.0151,0.6370,0.8430,0.0000,-5.4130,109.0120,0.4340
3043,9201,0.0251,0.6680,0.8730,0.0000,-4.5790,125.9480,0.2920
3044,9202,0.0063,0.7000,0.6950,0.0000,-4.9730,122.0280,0.6330
3045,9203,0.0044,0.5880,0.8250,0.0000,-5.0750,123.9200,0.4950
3046,9205,0.2320,0.7030,0.7840,0.0000,-2.9420,100.0270,0.5690
3047,9206,0.0439,0.7640,0.6940,0.0000,-5.7450,146.0750,0.5810
3048,9207,0.0369,0.7000,0.5980,0.0000,-7.7830,160.0410,0.5940
3049,9208,0.0002,0.4560,0.6260,0.0001,-6.6500,153.9770,0.2830
3050,9209,0.8930,0.5540,0.3210,0.0000,-8.2510,135.0470,0.2880
3051,9210,0.0771,0.6340,0.6900,0.0000,-7.8040,94.9880,0.6450
3052,9211,0.3320,0.7380,0.8040,0.0000,-3.8510,174.9430,0.9490
3053,9212,0.0253,0.6890,0.7010,0.0000,-5.7430,131.9880,0.4630
3054,9213,0.0207,0.5960,0.9100,0.0000,-3.2030,143.0970,0.6290
3055,9214,0.0003,0.5810,0.7680,0.0138,-6.3940,127.9410,0.3820
3056,9215,0.0071,0.7340,0.8210,0.0028,-4.8930,119.9930,0.6480
3057,9216,0.0619,0.6850,0.8320,0.0000,-4.5480,164.0700,0.5740
3058,9217,0.0764,0.6860,0.7830,0.0000,-4.9770,99.9780,0.8140
3059,9218,0.0027,0.7520,0.7300,0.0000,-3.8970,120.0320,0.7690
3060,9219,0.3510,0.6430,0.6630,0.0000,-8.2370,90.0790,0.1810
3061,9220,0.4000,0.5900,0.5000,0.0000,-6.5370,130.6750,0.3240
3062,9221,0.0319,0.6460,0.7950,0.0000,-3.2930,89.9900,0.7960
3063,9222,0.0816,0.8280,0.7940,0.0000,-7.7510,127.9870,0.5090
3064,9223,0.1640,0.3530,0.8150,0.0000,-1.8440,167.9710,0.2450
3065,9224,0.0435,0.5950,0.9130,0.0000,-3.4280,128.0210,0.7620
3066,9225,0.1030,0.7860,0.7140,0.0000,-4.1590,125.9220,0.7100
3067,9226,0.0007,0.3690,0.7440,0.0000,-5.3450,78.3090,0.6120
3068,9227,0.3990,0.5640,0.6230,0.0000,-7.2480,145.0470,0.3070
3069,9228,0.3200,0.6780,0.7390,0.0000,-5.0680,127.0370,0.6580
3070,9229,0.0038,0.7510,0.7830,0.0000,-3.7240,119.9750,0.8160
3071,9230,0.0054,0.7600,0.5950,0.0000,-6.3660,131.4970,0.3610
3072,9231,0.0038,0.6960,0.5460,0.0000,-6.5500,130.0020,0.7870
3073,9232,0.0606,0.5190,0.8020,0.0000,-3.4490,150.0130,0.4140
3074,9233,0.0191,0.6680,0.8570,0.0000,-2.9440,131.9590,0.7480
3075,9234,0.0004,0.7020,0.8830,0.0000,-3.2390,129.9990,0.7090
3076,9235,0.3750,0.6510,0.8880,0.0000,-3.8210,97.9460,0.3710
3077,9236,0.1030,0.5870,0.9310,0.0000,-4.4260,155.9640,0.4450
3078,9237,0.0439,0.5520,0.7570,0.0000,-6.0720,89.9810,0.0979
3079,9238,0.2030,0.7270,0.6730,0.0001,-5.5940,140.9000,0.2300
3080,9239,0.0181,0.7600,0.6120,0.0361,-6.3720,127.0080,0.2130
3081,9240,0.7260,0.3490,0.3480,0.0000,-6.1420,74.5410,0.0886
3082,9241,0.2280,0.5290,0.4680,0.0008,-12.2660,116.3230,0.0877
3083,9242,0.1170,0.7090,0.8610,0.0000,-4.2020,130.0210,0.7650
3084,9244,0.0909,0.5460,0.7960,0.0000,-3.2630,142.1230,0.2540
3085,9245,0.0103,0.6480,0.7220,0.0000,-4.8130,132.9730,0.3890
3086,9246,0.0017,0.5510,0.8930,0.0000,-2.6280,125.0830,0.7940
3087,9247,0.0045,0.5710,0.9320,0.0094,-3.6800,150.0140,0.8640
3088,9248,0.0613,0.6560,0.9310,0.0000,-4.1880,91.8810,0.5340
3089,9249,0.0205,0.8450,0.6010,0.0000,-5.2830,74.0080,0.3290
3090,9250,0.0300,0.6660,0.8780,0.0000,-2.8500,119.9320,0.6690
3091,9251,0.0339,0.3930,0.6330,0.0000,-4.7690,174.0220,0.3820
3092,9252,0.0017,0.4810,0.8490,0.0000,-5.1310,205.5700,0.7230
3093,9253,0.1200,0.4740,0.5950,0.0000,-9.8240,143.7010,0.2820
3094,9254,0.0187,0.7500,0.7560,0.0012,-4.4500,127.9920,0.6000
3095,9255,0.2120,0.6650,0.8770,0.0000,-4.9350,160.0100,0.8810
3096,9256,0.0820,0.5060,0.7160,0.0000,-5.1710,127.0310,0.5180
3097,9258,0.2270,0.6080,0.6140,0.0000,-3.7270,127.8840,0.4020
3098,9259,0.0202,0.5170,0.6060,0.0000,-5.7970,141.9290,0.2960
3099,9260,0.6970,0.7140,0.4340,0.0000,-11.5420,123.9420,0.3520
3100,9261,0.0006,0.3620,0.7060,0.0081,-3.7720,151.0850,0.2590
3101,9262,0.0153,0.5790,0.9040,0.0000,-3.5450,79.9930,0.7220
3102,9263,0.0742,0.6780,0.9330,0.0000,-2.9370,101.0090,0.7870
3103,9264,0.2080,0.6000,0.8080,0.0000,-4.6790,172.0160,0.8090
3104,9265,0.4320,0.7150,0.5840,0.0000,-8.2310,90.9870,0.6100
3105,9266,0.0293,0.6450,0.9040,0.0000,-4.5320,105.9700,0.6710
3106,9267,0.0533,0.4840,0.7800,0.0000,-3.2750,140.7580,0.3110
3107,9268,0.0038,0.7470,0.8350,0.0006,-4.2410,124.9470,0.4440
3108,9269,0.0693,0.5950,0.9230,0.0000,-3.4490,125.0290,0.7820
3109,9270,0.3400,0.6490,0.5580,0.0003,-7.3360,152.0170,0.3790
3110,9271,0.1430,0.5450,0.6490,0.0000,-4.0620,99.0990,0.2970
3111,9272,0.0200,0.6710,0.8080,0.0000,-4.8610,121.9560,0.6370
3112,9273,0.0550,0.6660,0.8760,0.0000,-3.0780,129.8840,0.5520
3113,9274,0.0341,0.6340,0.7160,0.0000,-6.5020,91.0390,0.6190
3114,9275,0.1830,0.5810,0.8560,0.0000,-4.0000,169.9020,0.9180
3115,9276,0.0030,0.6990,0.8820,0.0544,-3.8960,120.0160,0.6570
3116,9277,0.0275,0.6840,0.6030,0.0003,-8.1270,81.0000,0.5040
3117,9278,0.0403,0.6440,0.8460,0.0000,-3.8940,175.0510,0.7020
3118,9279,0.0048,0.4830,0.8440,0.0001,-5.0430,151.9770,0.5430
3119,9280,0.0005,0.4830,0.8430,0.0000,-4.8500,76.1700,0.0779
3120,9281,0.0390,0.4850,0.7010,0.0000,-3.8070,151.9480,0.6130
3121,9282,0.0004,0.4790,0.8240,0.0000,-5.4680,148.0130,0.7270
3122,9283,0.4370,0.6910,0.4540,0.0023,-9.1300,135.8390,0.3500
3123,9284,0.4580,0.6670,0.3810,0.0000,-7.4940,135.9790,0.1990
3124,9285,0.0949,0.3730,0.7890,0.0000,-5.5840,81.7490,0.4110
3449,9610,0.0324,0.7520,0.7750,0.0000,-7.2890,122.0140,0.5950
3450,9611,0.5450,0.6790,0.4870,0.0000,-5.8110,81.9940,0.5060
3451,9612,0.1540,0.6000,0.6760,0.0000,-6.4470,88.9280,0.2170
3452,9613,0.0476,0.8110,0.8790,0.0000,-3.7240,134.0640,0.9620
3453,9614,0.0026,0.5980,0.7860,0.0014,-5.5720,95.0210,0.4560
3454,9615,0.0035,0.9030,0.6200,0.0001,-8.0940,134.9600,0.5390
3455,9616,0.2400,0.5960,0.7300,0.0000,-4.0910,85.9790,0.5250
3456,9617,0.0007,0.6570,0.8270,0.0053,-4.0360,145.8890,0.6900
3457,9618,0.5900,0.8450,0.5670,0.0014,-8.1180,125.0200,0.7930
3458,9619,0.6070,0.6140,0.3790,0.0005,-10.4800,107.9890,0.2010
3459,9620,0.3290,0.4700,0.4310,0.0000,-6.1290,157.9800,0.2890
3460,9621,0.0152,0.7460,0.7540,0.0000,-6.6810,149.8820,0.7640
3461,9622,0.0996,0.7360,0.7720,0.0000,-5.5200,120.0040,0.0828
3462,9623,0.0106,0.6840,0.7100,0.0000,-3.5740,93.0220,0.4640
3463,9624,0.0012,0.8790,0.3050,0.8720,-13.5180,124.0170,0.3100
3464,9625,0.3280,0.5080,0.6770,0.0000,-5.6960,121.9280,0.5750
3465,9626,0.0011,0.8450,0.5340,0.0000,-8.7220,104.9720,0.7260
3466,9627,0.7360,0.4000,0.2920,0.0000,-7.7760,205.2520,0.2960
3467,9628,0.0038,0.3830,0.8610,0.0000,-2.8160,176.0840,0.4800
3468,9629,0.0042,0.7480,0.7410,0.0000,-3.1030,128.0770,0.5370
3469,9630,0.1020,0.5530,0.7230,0.0000,-5.6070,157.9980,0.4730
3470,9631,0.0002,0.2790,0.7420,0.0000,-6.4600,189.8680,0.3280
3471,9632,0.0349,0.8230,0.7330,0.0000,-5.4740,97.9720,0.3970
3472,9633,0.0509,0.7810,0.7280,0.0000,-4.9810,102.9900,0.3950
3473,9634,0.0380,0.7280,0.6200,0.0000,-7.5330,81.9980,0.8850
3474,9635,0.0577,0.7790,0.4720,0.0000,-7.1160,135.0510,0.4120
3475,9636,0.4050,0.5730,0.4950,0.0000,-7.2450,179.1960,0.2550
3476,9637,0.0117,0.4210,0.7910,0.0000,-4.9980,130.0750,0.4990
3477,9638,0.0050,0.5870,0.6200,0.0002,-5.6120,114.0800,0.2860
3478,9639,0.0127,0.5140,0.8580,0.0528,-5.9950,89.8330,0.6000
3479,9640,0.2050,0.8700,0.4640,0.0000,-8.3370,112.9740,0.4570
3480,9641,0.1640,0.6050,0.7970,0.0000,-4.0650,99.0370,0.2990
3481,9642,0.0709,0.5530,0.6640,0.0056,-7.4170,140.0600,0.4670
3482,9643,0.5500,0.4140,0.4190,0.0002,-6.4310,84.0820,0.1800
3483,9644,0.0309,0.0000,0.3220,0.9110,-14.2390,0.0000,0.0000
3484,9645,0.1130,0.6240,0.9530,0.0001,-2.6020,149.9920,0.7290
3485,9646,0.0128,0.7470,0.7050,0.0000,-5.1370,136.0240,0.5600
3486,9647,0.0490,0.6190,0.7860,0.0000,-4.9380,83.0480,0.6280
3487,9648,0.8430,0.5060,0.2190,0.0000,-10.1800,173.7990,0.3620
3488,9649,0.6790,0.7330,0.4080,0.0000,-7.8340,94.9470,0.2910
3489,9650,0.1090,0.7300,0.7030,0.0000,-5.6720,138.1130,0.5950
3490,9651,0.0579,0.8900,0.6670,0.0000,-6.8620,105.0990,0.5220
3491,9652,0.0930,0.6280,0.5930,0.0000,-5.0360,125.0260,0.1040
3492,9653,0.0137,0.5340,0.6060,0.0000,-5.8740,151.8800,0.1300
3493,9654,0.0242,0.5890,0.6580,0.0000,-5.2880,77.5210,0.2510
3494,9655,0.0138,0.8850,0.4790,0.0000,-7.8100,125.0770,0.2370
3495,9656,0.4310,0.4840,0.7310,0.0000,-6.6940,101.6540,0.5100
3496,9657,0.1850,0.7900,0.5850,0.0000,-6.0580,94.0720,0.5850
3497,9658,0.0183,0.6120,0.9210,0.0000,-2.8790,139.9860,0.4530
3498,9659,0.3750,0.6550,0.7820,0.0000,-4.7890,79.4270,0.8320
3499,9660,0.4170,0.7950,0.6160,0.0000,-5.2810,110.0150,0.8150
3500,9661,0.4000,0.6300,0.5300,0.0000,-7.2590,108.0380,0.4170
3501,9662,0.0650,0.7340,0.6530,0.0001,-3.4650,110.0190,0.3860
3502,9663,0.3830,0.2550,0.0734,0.0001,-17.9880,92.8840,0.1360
3503,9664,0.0022,0.8860,0.6280,0.0000,-5.9490,119.9060,0.1780
3504,9665,0.0342,0.6930,0.8710,0.0024,-4.5120,149.9840,0.1520
3505,9666,0.9210,0.4680,0.2050,0.0000,-11.0140,125.3430,0.3250
3506,9667,0.2150,0.7700,0.6640,0.0001,-5.6040,140.1630,0.4720
3507,9668,0.0002,0.7410,0.4880,0.0000,-8.2530,160.0180,0.6250
3508,9669,0.0916,0.8280,0.6090,0.0000,-4.4020,109.7250,0.7070
3509,9670,0.1330,0.7520,0.8530,0.0000,-5.2220,104.0030,0.8590
3510,9671,0.0421,0.7890,0.7560,0.0000,-5.6840,97.9960,0.1530
3511,9672,0.2060,0.6000,0.8520,0.0000,-2.2820,172.0940,0.7420
3512,9673,0.3320,0.7750,0.6210,0.0000,-7.6340,118.8430,0.1500
3513,9674,0.0883,0.7140,0.4510,0.0000,-8.2680,127.7870,0.4060
3514,9675,0.0197,0.3990,0.7870,0.0001,-2.8800,117.0890,0.5720
3515,9676,0.0137,0.4900,0.7980,0.0000,-3.6600,149.1090,0.4790
3516,9677,0.7190,0.6040,0.3660,0.0000,-7.8810,105.1770,0.1810
3517,9678,0.0464,0.6820,0.8360,0.0000,-3.7770,104.9870,0.4850
3518,9679,0.0844,0.3760,0.8100,0.0000,-4.0030,123.9090,0.3400
3519,9680,0.0082,0.8290,0.5100,0.0014,-9.3340,119.9930,0.4500
3520,9682,0.0259,0.7010,0.5780,0.0000,-5.8390,139.9610,0.5730
3521,9683,0.8590,0.6720,0.5200,0.0000,-7.7470,120.0010,0.3700
3522,9684,0.0085,0.8930,0.4800,0.0000,-3.7280,86.9760,0.3820
3523,9685,0.0043,0.6730,0.8590,0.0150,-3.0070,127.9780,0.1110
3524,9686,0.8350,0.6090,0.3780,0.0000,-9.8280,100.4180,0.5150
3525,9687,0.0797,0.6540,0.7600,0.0000,-3.6690,99.9450,0.4100
3526,9688,0.0078,0.7910,0.6190,0.0042,-5.8860,103.9890,0.3710
3527,9689,0.0752,0.7250,0.5340,0.0000,-6.2380,91.9740,0.5580
3528,9690,0.0462,0.7340,0.6370,0.0000,-5.6770,169.9770,0.6480
3529,9691,0.0280,0.5760,0.7660,0.0000,-4.9430,144.8330,0.2360
3125,9286,0.5420,0.8620,0.5150,0.0001,-6.9270,129.0550,0.7510
3126,9287,0.0162,0.7820,0.6000,0.0000,-6.5320,120.0500,0.6120
3127,9288,0.0200,0.3780,0.6380,0.0001,-5.5760,184.0860,0.7350
3128,9289,0.0169,0.7410,0.7420,0.0000,-4.7740,110.0180,0.5210
3129,9290,0.0297,0.6820,0.7950,0.0391,-6.1700,120.0080,0.7800
3130,9291,0.0383,0.5620,0.8570,0.0000,-3.9260,126.8830,0.5390
3131,9292,0.0460,0.5620,0.9390,0.0000,-4.2820,116.0440,0.6840
3132,9293,0.0187,0.7500,0.7560,0.0012,-4.4500,127.9920,0.6000
3133,9294,0.1580,0.7460,0.7280,0.0000,-2.4640,124.9540,0.7080
3134,9295,0.0090,0.7260,0.7870,0.0000,-2.4940,124.9890,0.8880
3135,9296,0.0991,0.6080,0.8600,0.0000,-5.3240,127.0750,0.4370
3136,9297,0.0041,0.6030,0.6700,0.0000,-3.8820,107.9950,0.4450
3137,9298,0.1170,0.7090,0.8610,0.0000,-4.2020,130.0210,0.7650
3138,9299,0.0178,0.6720,0.7380,0.0001,-7.0450,107.9380,0.3920
3139,9300,0.0749,0.5140,0.6830,0.0000,-5.0990,159.8140,0.5750
3140,9301,0.0588,0.7060,0.8900,0.0029,-4.4440,128.0110,0.6840
3141,9302,0.0199,0.7540,0.9330,0.0000,-5.7860,103.9920,0.7500
3142,9303,0.0627,0.7170,0.8170,0.0000,-3.4170,92.9980,0.6480
3143,9304,0.0010,0.7590,0.8490,0.0000,-3.1980,122.0330,0.7300
3144,9305,0.0001,0.7560,0.4360,0.0000,-8.4060,201.8310,0.3780
3145,9306,0.0020,0.7190,0.8470,0.0204,-6.3400,127.9630,0.4440
3146,9307,0.0056,0.4700,0.9200,0.0000,-3.8550,154.9170,0.6920
3147,9308,0.0315,0.6820,0.5270,0.0000,-10.4260,121.7430,0.3060
3148,9309,0.0682,0.6020,0.7960,0.1200,-3.6570,126.0600,0.2650
3149,9310,0.6940,0.5850,0.3030,0.0000,-10.0580,136.7030,0.1420
3150,9311,0.3370,0.5760,0.8350,0.0000,-6.8260,150.0170,0.4760
3151,9312,0.0679,0.5630,0.4960,0.0001,-9.3810,140.0010,0.4240
3152,9313,0.0314,0.7190,0.5350,0.0017,-6.0690,96.9820,0.2760
3153,9314,0.0246,0.7480,0.7350,0.0000,-4.1360,130.0210,0.3860
3154,9315,0.0092,0.6000,0.7150,0.0000,-4.2540,126.0040,0.3160
3155,9316,0.0004,0.6780,0.9180,0.0000,-4.6300,130.0280,0.7690
3156,9317,0.0525,0.7150,0.6550,0.0000,-6.4250,95.0780,0.5310
3157,9318,0.0105,0.6240,0.6850,0.0000,-5.9020,86.0590,0.7810
3158,9319,0.0679,0.5790,0.8710,0.0000,-3.3850,139.8410,0.6010
3159,9320,0.0488,0.7040,0.7930,0.0000,-2.2660,127.9600,0.4120
3160,9321,0.0145,0.7160,0.7670,0.0000,-4.4500,128.0500,0.6740
3161,9322,0.0001,0.5970,0.9190,0.0000,-2.9540,113.9870,0.7300
3162,9323,0.0236,0.6860,0.5490,0.0000,-5.4240,124.9260,0.8000
3163,9324,0.2510,0.6510,0.6880,0.0000,-3.0970,123.0090,0.5830
3164,9325,0.1670,0.8340,0.2200,0.0748,-16.9900,139.1150,0.8870
3165,9326,0.6970,0.7140,0.4340,0.0000,-11.5420,123.9420,0.3520
3166,9327,0.0010,0.7070,0.9240,0.0070,-2.8420,127.9370,0.9190
3167,9328,0.8930,0.5540,0.3210,0.0000,-8.2510,135.0470,0.2880
3168,9329,0.0012,0.6160,0.8620,0.0000,-5.1800,127.9920,0.5690
3169,9330,0.0639,0.9270,0.3370,0.0000,-11.0530,98.9350,0.2750
3170,9331,0.0108,0.7550,0.5550,0.0000,-4.5480,126.9860,0.8130
3171,9332,0.0043,0.7270,0.9380,0.0000,-2.8720,132.0770,0.7570
3172,9333,0.0124,0.6690,0.8550,0.0000,-3.0350,120.0450,0.6480
3173,9334,0.0175,0.5990,0.8030,0.0000,-5.9530,121.0400,0.3840
3174,9335,0.2270,0.6080,0.6140,0.0000,-3.7270,127.8840,0.4020
3175,9336,0.1340,0.7160,0.8380,0.0000,-4.2890,130.0340,0.6460
3176,9337,0.2680,0.4210,0.4760,0.0000,-7.6920,169.7840,0.3000
3177,9338,0.1780,0.5580,0.8720,0.0000,-4.4010,143.9710,0.4720
3178,9339,0.0181,0.6410,0.6620,0.0000,-5.9600,131.0860,0.5810
3179,9340,0.0662,0.6960,0.8930,0.0000,-2.9630,97.9540,0.5730
3180,9341,0.0548,0.6020,0.6910,0.0000,-5.1970,127.9670,0.2060
3181,9342,0.0292,0.8250,0.6940,0.0015,-6.8120,79.9500,0.7310
3182,9343,0.1000,0.6920,0.8090,0.0001,-5.9350,104.0230,0.9270
3183,9344,0.0076,0.7650,0.7650,0.0000,-2.7320,120.0010,0.8860
3184,9345,0.2550,0.6300,0.8940,0.0000,-4.5920,142.0510,0.3640
3185,9346,0.0319,0.6460,0.7950,0.0000,-3.2930,89.9900,0.7960
3186,9347,0.0019,0.7310,0.9150,0.0000,-4.4530,127.0860,0.7890
3187,9348,0.0531,0.8310,0.4270,0.0000,-6.9030,93.0040,0.2160
3188,9349,0.6170,0.6120,0.7480,0.0000,-5.0140,120.0520,0.5740
3189,9350,0.0078,0.7100,0.8820,0.0077,-2.9320,128.0160,0.8750
3190,9351,0.0286,0.6170,0.8390,0.0000,-2.8490,128.9100,0.7410
3191,9352,0.4130,0.7210,0.8190,0.0000,-5.7150,96.0200,0.8670
3192,9353,0.7790,0.6850,0.4740,0.0000,-9.1050,79.9910,0.3600
3193,9354,0.0522,0.4490,0.5850,0.0001,-6.7620,139.6270,0.2030
3194,9355,0.0909,0.5310,0.8430,0.0000,-2.5690,136.9910,0.3920
3195,9356,0.1380,0.7300,0.7700,0.0000,-5.1140,104.9480,0.5070
3196,9357,0.5470,0.6470,0.4780,0.0000,-8.8370,135.8770,0.3330
3197,9358,0.1180,0.8180,0.6750,0.0000,-4.1760,139.9770,0.4700
3198,9359,0.2500,0.6640,0.6610,0.0000,-6.5590,124.9170,0.2690
3199,9360,0.0410,0.7360,0.8480,0.0000,-3.6350,124.9870,0.6240
3200,9361,0.1000,0.4660,0.7040,0.0000,-7.1690,176.0430,0.4810
3201,9362,0.0683,0.6070,0.8540,0.0000,-4.8670,149.8720,0.5070
3202,9363,0.0114,0.4510,0.6320,0.0000,-7.9800,132.8900,0.2340
3203,9364,0.3200,0.7020,0.8260,0.0002,-6.4980,80.0140,0.3290
3204,9365,0.0403,0.6600,0.9000,0.0000,-5.0200,85.5100,0.5910
3205,9366,0.0003,0.5910,0.9350,0.0003,-2.6640,140.0430,0.7360
3206,9367,0.2950,0.5780,0.5650,0.0000,-6.6380,164.4310,0.8220
3207,9368,0.0787,0.8560,0.6870,0.0000,-3.8410,117.0190,0.9140
3208,9369,0.0002,0.5940,0.8410,0.0000,-5.7920,129.9250,0.6430
3209,9370,0.0050,0.7110,0.7000,0.0001,-4.8050,128.0010,0.8010
3210,9371,0.1680,0.4000,0.8820,0.0000,-1.9580,167.1140,0.3850
3211,9372,0.3090,0.4210,0.4070,0.0010,-7.4450,139.0280,0.1610
3212,9373,0.0550,0.4640,0.8530,0.0000,-3.7670,163.9340,0.7600
3213,9374,0.5030,0.7020,0.7150,0.0000,-5.3770,127.0500,0.8630
3214,9375,0.0077,0.6870,0.8660,0.0000,-4.3460,127.0010,0.6820
3215,9376,0.0168,0.6570,0.8850,0.0000,-4.6950,105.0110,0.8690
3216,9377,0.1490,0.8310,0.6650,0.0000,-3.6270,129.9890,0.6630
3217,9378,0.0275,0.6160,0.7280,0.0000,-4.0200,111.9340,0.3750
3218,9379,0.0012,0.5530,0.7210,0.0000,-4.8350,91.9830,0.4100
3219,9380,0.0119,0.6380,0.7220,0.0081,-6.1770,103.0170,0.4690
3220,9381,0.0662,0.5570,0.8120,0.0000,-5.4340,175.9530,0.7880
3221,9382,0.0543,0.6250,0.5760,0.0000,-5.6930,179.0630,0.2350
3222,9383,0.0680,0.4770,0.7360,0.0000,-3.2790,81.5750,0.2070
3223,9384,0.0002,0.6660,0.5410,0.0215,-4.5490,104.0360,0.6410
3224,9385,0.0143,0.5850,0.9720,0.0000,-4.4500,110.0060,0.5850
3225,9386,0.0619,0.7810,0.5260,0.0000,-6.9850,94.9920,0.6620
3226,9387,0.0038,0.8660,0.6060,0.0000,-4.7620,119.9910,0.8380
3227,9388,0.1190,0.4730,0.7770,0.0001,-3.6980,136.2490,0.2100
3228,9389,0.0111,0.4520,0.7940,0.0018,-5.1510,137.8250,0.2820
3229,9390,0.0291,0.6410,0.9220,0.0000,-4.4570,146.0780,0.8470
3230,9391,0.2340,0.5740,0.5120,0.0000,-6.6640,76.8990,0.5120
3231,9392,0.3460,0.7780,0.5470,0.0003,-7.2730,95.0020,0.4410
3232,9393,0.9320,0.6120,0.2800,0.0000,-8.6480,72.7950,0.3870
3233,9394,0.0249,0.4790,0.9330,0.0000,-3.3470,148.0180,0.9130
3234,9395,0.0064,0.5600,0.7560,0.0000,-4.8170,179.7710,0.4040
3235,9396,0.0490,0.7260,0.6980,0.0000,-4.1650,143.9940,0.8670
3236,9397,0.7790,0.6850,0.4740,0.0000,-9.1050,79.9910,0.3600
3237,9398,0.9380,0.6210,0.3060,0.0001,-9.7800,111.9260,0.0853
3238,9399,0.0426,0.7940,0.8110,0.0000,-8.9660,116.0470,0.8620
3239,9400,0.1120,0.6360,0.4360,0.0000,-9.5240,84.8040,0.3310
3240,9401,0.0059,0.4990,0.4670,0.0000,-6.7440,76.7600,0.6370
3241,9402,0.0088,0.6130,0.6220,0.0000,-5.7940,80.0030,0.4840
3242,9403,0.4070,0.5300,0.4220,0.0000,-6.2620,119.9640,0.3490
3243,9404,0.0038,0.5320,0.7830,0.0012,-5.6970,124.0800,0.6430
3244,9405,0.1030,0.7950,0.5960,0.0000,-3.7990,101.9850,0.3570
3245,9406,0.0481,0.8850,0.4470,0.0131,-8.8860,129.9560,0.7440
3246,9407,0.0183,0.8010,0.4780,0.0002,-7.7760,144.0150,0.1870
3247,9408,0.0219,0.7700,0.6840,0.0001,-6.8540,130.0300,0.4790
3248,9409,0.0376,0.5230,0.7800,0.0000,-3.3780,128.0030,0.1870
3249,9410,0.4520,0.8250,0.4350,0.6090,-9.5820,119.0380,0.2430
3250,9411,0.1120,0.6120,0.8400,0.0000,-3.1450,129.0420,0.4380
3251,9412,0.0012,0.5530,0.7210,0.0000,-4.8350,91.9830,0.4100
3252,9413,0.0095,0.7110,0.9060,0.0000,-2.6710,125.9160,0.8240
3253,9414,0.0002,0.6530,0.8220,0.0047,-4.8570,117.9490,0.7620
3530,9692,0.3290,0.4700,0.4310,0.0000,-6.1290,157.9800,0.2890
3531,9693,0.1570,0.5320,0.8690,0.0051,-5.0940,159.8030,0.4220
3532,9694,0.0123,0.6670,0.8300,0.0000,-5.7150,113.0300,0.7010
3533,9695,0.4140,0.7480,0.5240,0.0000,-5.5990,95.0100,0.6610
3534,9696,0.0472,0.6280,0.6980,0.0014,-5.6080,89.9760,0.7320
3535,9697,0.2870,0.7650,0.4730,0.0000,-5.8290,119.9920,0.3400
3536,9698,0.1100,0.6710,0.3140,0.0000,-8.0910,110.8980,0.2960
3537,9699,0.0215,0.6880,0.7020,0.0000,-4.7920,94.0060,0.7400
3538,9700,0.0370,0.6730,0.7900,0.0000,-4.6630,102.0130,0.7050
3539,9701,0.1030,0.8030,0.5850,0.0000,-5.8610,105.0170,0.5930
3540,9702,0.1990,0.6300,0.9280,0.1240,-2.7870,123.9630,0.4650
3541,9703,0.1560,0.7740,0.7640,0.0000,-5.4450,118.9970,0.9120
3542,9704,0.0667,0.8190,0.5430,0.0000,-8.2770,112.1070,0.2450
3543,9705,0.0084,0.6450,0.7130,0.0000,-5.3550,74.9890,0.5660
3544,9706,0.0841,0.7320,0.3960,0.0000,-9.3480,90.0240,0.5480
3545,9707,0.1040,0.5880,0.7020,0.0000,-4.2710,124.9090,0.4290
3546,9708,0.0152,0.7460,0.7540,0.0000,-6.6810,149.8820,0.7640
3547,9709,0.0035,0.9030,0.6200,0.0001,-8.0940,134.9600,0.5390
3548,9710,0.0736,0.6080,0.7980,0.0000,-5.0920,92.9430,0.5010
3549,9711,0.0356,0.6880,0.5320,0.0000,-8.3610,164.0680,0.5650
3550,9712,0.0435,0.7130,0.8020,0.0038,-7.0550,100.0010,0.3430
3551,9713,0.1300,0.7480,0.8190,0.0000,-4.0320,110.6450,0.7920
3552,9714,0.0573,0.8040,0.6480,0.0000,-7.8050,117.9830,0.3920
3553,9715,0.3370,0.7220,0.3310,0.2830,-7.7890,143.9740,0.1020
3554,9716,0.5900,0.8450,0.5670,0.0014,-8.1180,125.0200,0.7930
3555,9717,0.0861,0.3560,0.5670,0.0000,-7.0110,135.5530,0.1090
3556,9718,0.0114,0.6320,0.7010,0.0000,-5.9210,162.9580,0.4970
3557,9719,0.2360,0.8860,0.5250,0.0000,-7.3900,145.9900,0.7080
3558,9720,0.2220,0.7650,0.3560,0.0000,-5.5560,97.0010,0.1900
3559,9721,0.0408,0.6480,0.7380,0.0000,-5.8830,159.1450,0.6030
3560,9722,0.0030,0.8080,0.3960,0.9250,-4.9670,142.0020,0.8880
3561,9723,0.6870,0.4920,0.2750,0.0000,-13.4000,92.6000,0.1800
3562,9724,0.0844,0.3760,0.8100,0.0000,-4.0030,123.9090,0.3400
3563,9725,0.0225,0.6730,0.6140,0.0000,-4.0080,97.9990,0.4460
3564,9726,0.0773,0.6070,0.4760,0.0000,-11.0760,122.9760,0.3470
3565,9727,0.4000,0.6300,0.5300,0.0000,-7.2590,108.0380,0.4170
3566,9728,0.4170,0.6650,0.6200,0.0000,-5.4300,91.0080,0.4510
3567,9729,0.8180,0.5460,0.3110,0.0000,-10.3960,147.4640,0.2460
3568,9730,0.0224,0.8270,0.6580,0.0000,-3.8460,115.0160,0.5230
3569,9731,0.0290,0.8040,0.7540,0.0008,-5.2510,125.0060,0.5770
3570,9732,0.0784,0.4760,0.7180,0.0000,-5.3090,199.8640,0.1420
3571,9733,0.0235,0.4640,0.7710,0.0000,-4.5030,158.7770,0.6900
3572,9734,0.3790,0.5260,0.6750,0.0000,-3.9890,78.0000,0.5370
3573,9735,0.6210,0.7280,0.5630,0.0000,-8.0530,100.0170,0.3520
3574,9736,0.0161,0.6360,0.7270,0.0000,-5.8520,107.9880,0.3580
3575,9737,0.6150,0.6000,0.4120,0.0025,-9.3430,113.0490,0.4080
3576,9738,0.1080,0.5300,0.4330,0.0000,-10.5980,160.1400,0.2740
3577,9739,0.0026,0.6180,0.7170,0.0000,-5.7380,190.0500,0.6030
3578,9740,0.2030,0.4100,0.7260,0.0000,-3.8450,77.2260,0.5520
3579,9741,0.0155,0.8030,0.4920,0.0000,-7.1770,111.0010,0.4930
3580,9742,0.1570,0.8950,0.6810,0.0000,-5.2670,121.9180,0.5540
3581,9743,0.1650,0.6810,0.5940,0.0000,-7.0280,186.0540,0.5350
3582,9744,0.0173,0.9160,0.5710,0.0000,-8.2410,103.5210,0.4980
3583,9745,0.4410,0.4430,0.5580,0.0000,-5.4360,116.8380,0.2480
3584,9746,0.0696,0.4800,0.6820,0.0000,-4.9400,167.9390,0.5060
3585,9747,0.0962,0.9340,0.6940,0.0000,-5.8490,123.8290,0.8350
3586,9748,0.0183,0.6120,0.9210,0.0000,-2.8790,139.9860,0.4530
3587,9749,0.4060,0.5850,0.4130,0.0000,-9.3190,165.9570,0.3770
3588,9750,0.2210,0.6770,0.5770,0.0000,-7.6710,130.0500,0.3290
3589,9751,0.2430,0.6730,0.6240,0.0000,-5.4150,124.0430,0.3820
3590,9752,0.1750,0.3760,0.6620,0.0007,-6.1240,107.2090,0.2360
3591,9753,0.2550,0.5020,0.7860,0.0000,-4.3780,169.0210,0.7390
3592,9754,0.0016,0.7760,0.6620,0.0000,-7.0160,152.9270,0.3240
3593,9755,0.0118,0.6880,0.5410,0.0000,-8.1280,95.1090,0.2470
3594,9756,0.9420,0.5360,0.1100,0.0011,-17.4930,129.9350,0.1690
3595,9757,0.1240,0.7020,0.7700,0.0000,-5.4160,107.9510,0.5930
